Open,High,Low,Close,Adj Close,Volume
1516.9000244140625,1516.9000244140625,1475.0,1488.800048828125,1372.169677734375,840791
1487.8499755859375,1501.949951171875,1477.550048828125,1483.949951171875,1367.699462890625,669181
1483.949951171875,1492.699951171875,1445.4000244140625,1452.25,1338.48291015625,451970
1458.0,1473.0,1437.550048828125,1469.0999755859375,1354.0128173828125,532734
1482.0,1499.75,1471.800048828125,1477.949951171875,1362.16943359375,438357
1484.0,1487.5,1468.4000244140625,1480.4000244140625,1364.4276123046875,312812
1484.0,1485.0,1443.25,1454.1500244140625,1340.234130859375,363164
1455.25,1462.800048828125,1444.0,1447.800048828125,1334.381591796875,277837
1455.0,1467.0,1450.4000244140625,1458.6500244140625,1344.3814697265625,337374
1461.9000244140625,1465.199951171875,1447.050048828125,1459.5999755859375,1345.25732421875,326989
1465.0,1498.4000244140625,1465.0,1483.449951171875,1367.23876953125,551514
1488.699951171875,1503.0,1471.550048828125,1473.949951171875,1358.482666015625,419240
1484.0,1485.4000244140625,1450.300048828125,1455.1500244140625,1341.1556396484375,467164
1468.0,1468.0,1435.0,1439.75,1326.9620361328125,335850
1444.9000244140625,1449.550048828125,1423.8499755859375,1429.300048828125,1317.3306884765625,349933
1429.0,1445.5,1418.0999755859375,1436.3499755859375,1323.828369140625,293897
1436.3499755859375,1454.0,1425.0,1429.8499755859375,1317.837646484375,314654
1432.9000244140625,1440.0,1410.0999755859375,1419.699951171875,1308.4827880859375,343178
1427.4000244140625,1436.0,1365.300048828125,1375.0,1267.284423828125,533516
1376.0,1378.949951171875,1346.6500244140625,1357.25,1250.925048828125,469918
1357.199951171875,1376.199951171875,1347.5,1359.6500244140625,1253.136962890625,445525
1369.5,1395.0,1339.4000244140625,1386.5999755859375,1277.9757080078125,572247
1391.050048828125,1428.800048828125,1391.050048828125,1423.3499755859375,1311.8468017578125,837929
1416.300048828125,1448.0,1401.25,1415.550048828125,1304.6578369140625,568663
1411.0,1416.699951171875,1390.0,1406.0999755859375,1295.9481201171875,531657
1400.0,1436.449951171875,1356.199951171875,1388.800048828125,1280.0035400390625,2027916
1404.699951171875,1414.0,1374.0,1401.449951171875,1291.662353515625,1287668
1407.4000244140625,1441.699951171875,1401.550048828125,1421.5999755859375,1310.233642578125,829367
1419.0,1438.0,1388.9000244140625,1395.449951171875,1286.1326904296875,562187
1396.0,1399.449951171875,1364.4000244140625,1368.300048828125,1261.109375,1133028
1368.0,1383.8499755859375,1356.449951171875,1374.9000244140625,1267.1923828125,686009
1368.0,1374.8499755859375,1350.3499755859375,1360.9000244140625,1254.2890625,619832
1358.699951171875,1377.550048828125,1345.0999755859375,1352.449951171875,1246.5008544921875,605756
1349.0,1356.949951171875,1326.0,1331.699951171875,1227.37646484375,564158
1330.0,1366.0,1329.0,1353.0999755859375,1247.1002197265625,732142
1360.0,1392.0,1360.0,1382.5,1274.197021484375,706935
1392.0,1398.0,1382.0,1389.050048828125,1280.23388671875,517181
1391.6500244140625,1391.6500244140625,1371.300048828125,1383.699951171875,1275.302978515625,576103
1390.5999755859375,1392.800048828125,1368.4000244140625,1376.1500244140625,1268.344482421875,751219
1365.0,1394.0,1353.050048828125,1384.3499755859375,1275.90185546875,1019520
1393.0999755859375,1457.300048828125,1390.1500244140625,1425.1500244140625,1313.506103515625,1576764
1432.25,1436.949951171875,1413.0999755859375,1422.300048828125,1310.879150390625,860145
1422.300048828125,1500.0999755859375,1420.300048828125,1481.699951171875,1365.6256103515625,1200767
1481.699951171875,1536.4000244140625,1472.0,1531.9000244140625,1425.3607177734375,1391740
1533.0,1561.9000244140625,1533.0,1554.4000244140625,1446.296142578125,2035880
1550.0,1571.8499755859375,1537.0,1555.050048828125,1446.90087890625,757839
1555.1500244140625,1579.949951171875,1545.0,1574.550048828125,1465.044677734375,847268
1575.9000244140625,1610.0,1563.699951171875,1604.25,1492.6790771484375,1018321
1612.5,1626.8499755859375,1587.699951171875,1592.449951171875,1481.6998291015625,826847
1588.0,1601.4000244140625,1566.050048828125,1571.4000244140625,1462.11376953125,893127
1573.0,1585.800048828125,1535.0,1539.300048828125,1432.2462158203125,717808
1540.5,1559.300048828125,1526.449951171875,1531.8499755859375,1425.314208984375,834141
1541.9000244140625,1560.0,1532.699951171875,1548.9000244140625,1441.178466796875,655422
1565.4000244140625,1578.449951171875,1547.0999755859375,1565.199951171875,1456.344970703125,634111
1573.9000244140625,1577.0999755859375,1551.050048828125,1560.199951171875,1451.6927490234375,858280
1565.0,1597.5999755859375,1555.25,1582.949951171875,1472.8603515625,1223995
1566.300048828125,1592.0,1563.0,1575.9000244140625,1466.3009033203125,697053
1583.800048828125,1590.0,1555.050048828125,1570.8499755859375,1461.6019287109375,667934
1584.0,1614.0,1568.8499755859375,1602.550048828125,1491.0975341796875,1328748
1604.0,1629.4000244140625,1587.0,1617.800048828125,1505.2869873046875,942173
1673.0,1723.4000244140625,1637.6500244140625,1646.9000244140625,1532.363037109375,1576508
1648.9000244140625,1669.0,1609.0,1617.3499755859375,1504.867919921875,1277444
1627.9000244140625,1645.0,1615.699951171875,1624.5999755859375,1511.61376953125,680202
1629.9000244140625,1652.1500244140625,1616.75,1628.8499755859375,1515.568359375,1282592
1635.0,1670.0,1634.4000244140625,1664.449951171875,1548.6923828125,912756
1675.0,1680.0,1636.0,1640.4000244140625,1526.31494140625,586864
1639.0,1658.449951171875,1620.0,1654.300048828125,1539.2481689453125,592582
1652.5999755859375,1655.9000244140625,1630.0,1636.6500244140625,1522.825927734375,559285
1645.0,1681.25,1636.050048828125,1675.9000244140625,1559.3460693359375,752787
1675.9000244140625,1685.550048828125,1653.0,1656.4000244140625,1541.2022705078125,824524
1664.0,1680.0,1658.300048828125,1673.3499755859375,1556.9735107421875,566999
1680.0,1711.5,1677.0,1703.0,1584.5614013671875,857287
1705.800048828125,1709.75,1680.0,1699.449951171875,1581.2581787109375,484644
1693.0,1695.800048828125,1660.0,1663.0,1547.34326171875,393501
1672.0,1682.949951171875,1652.199951171875,1661.6500244140625,1546.087158203125,948717
1625.0,1625.0,1570.0,1606.0,1494.3074951171875,4505591
1606.0,1664.75,1603.0,1623.0,1510.1251220703125,2274945
1628.0,1641.4000244140625,1623.3499755859375,1635.3499755859375,1521.6162109375,621829
1640.0,1649.300048828125,1601.050048828125,1632.050048828125,1518.5457763671875,743663
1628.0,1644.1500244140625,1606.199951171875,1613.0999755859375,1500.91357421875,607543
1619.9000244140625,1637.8499755859375,1610.6500244140625,1633.9000244140625,1520.2669677734375,389859
1617.25,1628.1500244140625,1606.300048828125,1620.4000244140625,1507.7059326171875,458714
1624.1500244140625,1637.9000244140625,1590.1500244140625,1596.9000244140625,1485.8404541015625,427581
1601.0,1606.949951171875,1563.550048828125,1593.199951171875,1482.3974609375,947559
1589.0,1604.8499755859375,1566.0999755859375,1596.3499755859375,1485.3284912109375,562583
1595.0,1614.949951171875,1592.4000244140625,1602.3499755859375,1490.911376953125,594386
1602.699951171875,1613.5,1575.0,1583.0,1472.906982421875,524426
1577.0,1587.800048828125,1564.75,1572.300048828125,1462.951171875,715309
1582.9000244140625,1583.0,1542.3499755859375,1554.5,1446.38916015625,594206
1552.050048828125,1589.449951171875,1541.0,1583.3499755859375,1473.232666015625,546048
1575.5,1614.6500244140625,1570.0999755859375,1606.5999755859375,1494.8656005859375,463571
1635.0,1682.25,1633.0,1662.949951171875,1547.2965087890625,587879
1670.0,1681.0,1595.5,1609.8499755859375,1497.8895263671875,997742
1620.800048828125,1634.5,1607.050048828125,1615.0,1502.681640625,580879
1638.75,1680.199951171875,1621.550048828125,1639.800048828125,1525.7567138671875,963817
1651.949951171875,1709.3499755859375,1638.0,1704.9000244140625,1586.329345703125,894742
1706.0,1765.199951171875,1700.0,1759.800048828125,1637.4110107421875,960403
1758.0,1769.050048828125,1738.75,1750.699951171875,1628.94384765625,532952
1739.5,1745.25,1711.800048828125,1721.550048828125,1601.8214111328125,525569
1717.9000244140625,1732.9000244140625,1701.199951171875,1708.1500244140625,1589.353271484375,611129
1714.0,1719.449951171875,1670.0,1686.0,1568.74365234375,624323
1696.8499755859375,1729.0,1678.0,1725.199951171875,1605.2174072265625,676566
1710.0,1735.8499755859375,1650.5,1657.6500244140625,1542.365478515625,1180729
1670.949951171875,1672.199951171875,1583.050048828125,1592.1500244140625,1481.4207763671875,1247192
1593.0,1618.8499755859375,1574.550048828125,1596.5,1485.4681396484375,944400
1608.9000244140625,1614.8499755859375,1584.0,1589.4000244140625,1478.862060546875,433071
1592.3499755859375,1601.0,1584.0,1589.6500244140625,1479.094482421875,472845
1589.6500244140625,1593.0,1572.5,1579.050048828125,1469.2318115234375,298942
1577.0,1585.5,1564.0,1583.1500244140625,1473.0465087890625,482531
1585.0,1589.550048828125,1537.9000244140625,1549.0,1441.2716064453125,321569
1545.0999755859375,1549.0,1505.0,1509.1500244140625,1404.193115234375,504871
1506.050048828125,1532.0,1501.699951171875,1525.5,1419.406005859375,492116
1535.0,1539.949951171875,1487.0999755859375,1493.5999755859375,1389.724365234375,486128
1493.25,1546.5,1470.0999755859375,1539.75,1432.6649169921875,719154
1539.9000244140625,1546.800048828125,1516.0999755859375,1532.449951171875,1425.87255859375,507105
1530.0,1552.8499755859375,1517.449951171875,1537.5999755859375,1430.664306640625,536701
1536.0,1561.9000244140625,1526.3499755859375,1554.550048828125,1446.435791015625,475097
1549.0,1589.0,1546.800048828125,1582.949951171875,1472.8603515625,699597
1578.0,1589.9000244140625,1568.0,1581.0,1471.0460205078125,719122
1588.0,1588.8499755859375,1553.0999755859375,1562.1500244140625,1453.5072021484375,429699
1565.050048828125,1579.9000244140625,1555.050048828125,1562.699951171875,1454.0189208984375,325337
1569.800048828125,1579.0,1563.5,1573.800048828125,1464.346923828125,268464
1577.9000244140625,1582.550048828125,1558.4000244140625,1564.050048828125,1455.27490234375,432234
1566.9000244140625,1590.0,1564.050048828125,1576.75,1467.0916748046875,839957
1587.5,1606.949951171875,1538.0,1546.8499755859375,1439.2711181640625,964246
1542.0,1542.0,1495.8499755859375,1502.0,1397.5404052734375,588998
1504.0,1559.800048828125,1480.6500244140625,1554.300048828125,1446.203125,903575
1553.9000244140625,1568.4000244140625,1529.699951171875,1536.050048828125,1429.222412109375,591597
1540.0,1559.9000244140625,1535.6500244140625,1550.0,1442.2020263671875,251282
1564.0,1589.800048828125,1554.25,1575.4000244140625,1465.835693359375,572210
1577.550048828125,1599.449951171875,1554.800048828125,1594.75,1483.83984375,645141
1594.800048828125,1619.949951171875,1583.25,1612.8499755859375,1500.680908203125,665025
1616.0,1625.9000244140625,1586.050048828125,1594.3499755859375,1483.4676513671875,909835
1604.0,1609.199951171875,1560.1500244140625,1567.0999755859375,1458.1126708984375,1475891
1635.0,1647.550048828125,1531.25,1543.6500244140625,1436.293701171875,6325502
1550.0,1586.0,1536.0,1581.300048828125,1471.325439453125,1400234
1581.0999755859375,1599.0,1568.0,1584.8499755859375,1474.6282958984375,1217773
1578.5999755859375,1590.3499755859375,1564.0,1569.5999755859375,1460.43896484375,594470
1574.0,1601.9000244140625,1569.8499755859375,1585.25,1475.00048828125,906465
1585.0,1589.0,1568.0999755859375,1581.949951171875,1471.9300537109375,480420
1578.050048828125,1596.0,1530.0,1535.699951171875,1428.8966064453125,849767
1536.75,1566.75,1532.5999755859375,1540.9000244140625,1433.7349853515625,1094582
1540.9000244140625,1564.0,1516.5,1560.4000244140625,1451.8787841796875,630274
1554.699951171875,1556.4000244140625,1499.0,1515.300048828125,1409.91552734375,805812
1507.300048828125,1534.9000244140625,1494.0,1517.449951171875,1411.915771484375,779585
1505.0,1525.0,1486.0,1515.0999755859375,1409.729248046875,529398
1510.0,1558.800048828125,1503.949951171875,1549.050048828125,1441.3182373046875,650598
1545.0,1575.0999755859375,1541.5999755859375,1557.050048828125,1448.7618408203125,494820
1561.699951171875,1585.0,1537.0,1549.3499755859375,1441.5972900390625,702052
1563.0,1588.3499755859375,1563.0,1574.5999755859375,1465.091064453125,642183
1573.4000244140625,1586.800048828125,1538.3499755859375,1547.0999755859375,1439.503662109375,419671
1548.0,1602.9000244140625,1548.0,1597.4000244140625,1486.305419921875,688864
1590.0,1595.0,1571.050048828125,1591.550048828125,1480.8624267578125,479108
1599.699951171875,1617.0,1583.199951171875,1589.0999755859375,1478.5828857421875,643136
1589.0,1589.0,1533.050048828125,1540.8499755859375,1433.6883544921875,835852
1545.75,1546.9000244140625,1480.5,1485.6500244140625,1382.327392578125,946810
1483.1500244140625,1489.0,1454.199951171875,1464.5999755859375,1362.7413330078125,1026298
1460.0,1478.199951171875,1445.8499755859375,1468.75,1366.602783203125,807076
1490.0,1499.0,1441.5999755859375,1495.0,1391.0269775390625,1307793
1506.0,1544.0,1502.0,1539.5999755859375,1432.5252685546875,810651
1538.0,1550.0,1520.0,1542.3499755859375,1435.0841064453125,643361
1530.1500244140625,1546.0,1494.199951171875,1500.0999755859375,1395.7724609375,815331
1507.0,1524.550048828125,1484.050048828125,1519.8499755859375,1414.14892578125,814386
1500.0,1503.949951171875,1440.0,1451.300048828125,1350.366455078125,1309422
1443.949951171875,1449.0,1423.8499755859375,1440.949951171875,1340.736083984375,901586
1449.0,1465.9000244140625,1436.6500244140625,1461.1500244140625,1359.53125,1183098
1468.449951171875,1477.0,1453.699951171875,1463.25,1361.4853515625,464686
1463.0,1484.0,1458.0,1472.949951171875,1370.5107421875,364011
1477.8499755859375,1494.0,1475.5999755859375,1485.0,1381.72265625,397144
1487.0,1509.3499755859375,1477.75,1481.550048828125,1378.512451171875,573898
1482.0,1531.75,1470.6500244140625,1526.6500244140625,1420.4759521484375,1164140
1514.800048828125,1539.9000244140625,1502.550048828125,1530.3499755859375,1423.918701171875,877068
1526.9000244140625,1535.0,1487.4000244140625,1491.6500244140625,1387.91015625,946418
1493.5,1510.0,1488.0,1490.699951171875,1387.0262451171875,693925
1489.0,1498.8499755859375,1465.199951171875,1479.0,1376.1400146484375,663359
1486.949951171875,1643.9000244140625,1480.5999755859375,1633.8499755859375,1520.2205810546875,1458383
1655.0,1709.0,1638.0,1675.75,1559.2064208984375,1116441
1670.0,1672.0,1622.0,1650.800048828125,1535.9918212890625,609163
1648.550048828125,1659.0,1615.5999755859375,1633.6500244140625,1520.0345458984375,703402
1640.8499755859375,1654.5,1620.949951171875,1646.050048828125,1531.572021484375,646910
1643.0,1653.550048828125,1623.050048828125,1634.5999755859375,1520.91845703125,401553
1632.199951171875,1634.0,1595.050048828125,1608.1500244140625,1496.307861328125,552438
1611.6500244140625,1627.4000244140625,1555.050048828125,1575.699951171875,1466.1148681640625,460449
1564.0,1582.8499755859375,1537.0,1545.75,1438.24755859375,715946
1558.0999755859375,1559.300048828125,1482.550048828125,1488.0999755859375,1384.6070556640625,620192
1496.0,1496.1500244140625,1430.1500244140625,1435.0999755859375,1335.29296875,1135461
1430.0,1473.949951171875,1416.449951171875,1467.0999755859375,1365.0675048828125,1260259
1459.800048828125,1462.800048828125,1418.0999755859375,1422.9000244140625,1323.941650390625,721330
1430.4000244140625,1450.3499755859375,1421.5,1443.0999755859375,1342.7366943359375,678797
1448.0,1484.699951171875,1445.0,1469.3499755859375,1367.160888671875,757992
1479.0,1505.0,1461.300048828125,1498.050048828125,1393.864990234375,1702459
1530.0,1560.0,1511.3499755859375,1521.449951171875,1415.6376953125,3659977
1525.0,1538.9000244140625,1507.199951171875,1535.0999755859375,1428.3382568359375,1074461
1535.800048828125,1558.9000244140625,1528.0,1553.550048828125,1445.505126953125,749817
1551.9000244140625,1556.949951171875,1523.800048828125,1535.25,1428.47802734375,934518
1537.9000244140625,1549.449951171875,1521.0,1526.199951171875,1420.0572509765625,551466
1536.0,1539.8499755859375,1504.300048828125,1519.0999755859375,1413.4510498046875,598530
1524.0,1524.949951171875,1501.0,1518.4000244140625,1412.7998046875,645397
1527.0,1534.949951171875,1524.0,1528.949951171875,1422.615966796875,80770
1531.0,1540.6500244140625,1515.5,1531.199951171875,1424.7095947265625,582262
1532.0999755859375,1572.0,1521.199951171875,1532.25,1425.6865234375,920215
1541.699951171875,1574.199951171875,1536.25,1568.050048828125,1458.996826171875,712719
1573.0,1575.5999755859375,1528.0,1542.199951171875,1434.944580078125,887153
1549.800048828125,1590.5,1542.199951171875,1564.6500244140625,1455.8331298828125,1094603
1561.0,1564.0,1510.4000244140625,1514.6500244140625,1409.310546875,914025
1520.0,1531.199951171875,1501.8499755859375,1517.4000244140625,1411.869384765625,885965
1527.0,1546.1500244140625,1520.0,1527.1500244140625,1420.941162109375,824638
1526.800048828125,1544.0,1499.050048828125,1506.4000244140625,1401.63427734375,635287
1501.9000244140625,1518.0,1490.0,1504.449951171875,1399.8197021484375,648957
1505.199951171875,1525.0,1485.0,1494.0,1390.0968017578125,688971
1490.0,1508.5999755859375,1473.550048828125,1486.9000244140625,1383.490478515625,737571
1488.1500244140625,1505.8499755859375,1483.0,1485.550048828125,1382.234375,679292
1490.0,1509.0999755859375,1486.199951171875,1492.0999755859375,1388.3287353515625,644344
1499.0,1502.9000244140625,1481.0,1491.1500244140625,1387.4449462890625,514558
1497.0,1504.550048828125,1481.0,1483.75,1380.5595703125,536347
1487.0,1495.0,1471.0,1473.3499755859375,1370.8828125,431807
1473.0,1482.6500244140625,1462.199951171875,1469.9000244140625,1367.6728515625,501614
1477.800048828125,1492.0999755859375,1473.0999755859375,1476.949951171875,1374.2322998046875,668905
1478.550048828125,1495.0,1478.0,1482.300048828125,1379.21044921875,1124372
1486.8499755859375,1517.0,1483.8499755859375,1501.199951171875,1396.7958984375,1028570
1505.0,1523.1500244140625,1493.1500244140625,1516.4000244140625,1410.9388427734375,521547
1514.0,1535.0,1510.0,1522.1500244140625,1416.2889404296875,851825
1521.0,1546.800048828125,1520.0,1531.300048828125,1424.802734375,769666
1540.800048828125,1541.949951171875,1500.0999755859375,1508.550048828125,1403.634765625,438588
1490.0,1514.550048828125,1480.0,1509.0999755859375,1404.1463623046875,593104
1512.9000244140625,1521.5999755859375,1488.0,1493.0,1389.166259765625,346512
1496.0,1501.5,1462.550048828125,1482.5,1379.396484375,408453
1484.0,1492.0,1470.5,1473.8499755859375,1371.347900390625,289713
1475.0,1478.699951171875,1432.4000244140625,1436.3499755859375,1336.4561767578125,544440
1439.800048828125,1446.5,1401.1500244140625,1418.8499755859375,1320.173095703125,871405
1423.300048828125,1438.0,1416.5,1432.5999755859375,1332.9669189453125,386259
1444.949951171875,1467.9000244140625,1430.800048828125,1465.0999755859375,1363.2066650390625,563304
1465.9000244140625,1467.0,1426.0,1438.800048828125,1338.7357177734375,748055
1443.449951171875,1466.0,1438.25,1462.300048828125,1360.601318359375,731437
1462.0999755859375,1470.4000244140625,1438.75,1450.4000244140625,1349.52880859375,481280
1445.0,1459.0,1441.0,1452.0999755859375,1351.1107177734375,353481
1452.0,1455.9000244140625,1433.949951171875,1446.1500244140625,1345.57470703125,470848
1443.5,1474.8499755859375,1441.25,1467.25,1365.2071533203125,557537
1472.9000244140625,1476.050048828125,1451.199951171875,1460.5999755859375,1359.01953125,372278
1464.4000244140625,1470.0,1448.0999755859375,1451.699951171875,1350.738525390625,324912
1456.0,1470.0,1448.6500244140625,1451.300048828125,1350.366455078125,395778
1455.5999755859375,1474.949951171875,1450.4000244140625,1453.050048828125,1351.99462890625,433982
1454.5,1460.0,1441.550048828125,1445.6500244140625,1345.109375,581119
1452.5,1457.0,1438.199951171875,1440.0999755859375,1339.9453125,321092
1442.0,1501.699951171875,1442.0,1493.050048828125,1389.2127685546875,1503364
1493.0,1494.0,1467.0999755859375,1476.300048828125,1373.627685546875,568262
1462.0999755859375,1469.8499755859375,1430.550048828125,1435.550048828125,1335.7117919921875,408807
1450.0,1465.050048828125,1436.0,1456.0,1354.739501953125,863805
1435.0,1477.0,1435.0,1462.5999755859375,1360.8804931640625,981496
1478.0,1491.949951171875,1470.9000244140625,1486.1500244140625,1382.792724609375,685751
1495.0,1525.0,1487.25,1511.199951171875,1406.1004638671875,1109054
1518.8499755859375,1530.699951171875,1514.449951171875,1526.1500244140625,1420.0108642578125,531138
1527.0,1534.0,1510.550048828125,1513.9000244140625,1408.6126708984375,850556
1511.9000244140625,1533.9000244140625,1488.0,1515.75,1410.3341064453125,974275
1525.199951171875,1529.6500244140625,1494.0,1504.800048828125,1400.1456298828125,650073
1504.5,1522.5999755859375,1494.050048828125,1512.3499755859375,1407.1705322265625,409435
1517.800048828125,1517.800048828125,1495.0,1497.550048828125,1393.3997802734375,223875
1494.949951171875,1509.4000244140625,1487.0,1496.0999755859375,1392.05078125,359320
1507.949951171875,1537.0,1502.0999755859375,1524.4000244140625,1418.38232421875,1645875
1526.25,1554.9000244140625,1525.0,1548.3499755859375,1440.6668701171875,1100769
1551.75,1570.75,1542.199951171875,1565.9000244140625,1456.9964599609375,780502
1555.0,1579.5999755859375,1544.1500244140625,1548.8499755859375,1441.132080078125,535508
1554.9000244140625,1576.550048828125,1534.0,1561.3499755859375,1452.7626953125,696588
1564.25,1574.0,1545.199951171875,1551.699951171875,1443.7838134765625,405658
1552.75,1556.4000244140625,1525.3499755859375,1531.5,1424.9886474609375,415388
1536.0,1552.0,1500.0,1504.5999755859375,1399.9595947265625,514199
1434.0,1468.5,1431.1500244140625,1456.550048828125,1355.2513427734375,772603
1463.800048828125,1506.0,1463.0,1487.25,1383.81591796875,944148
1496.5,1496.5,1463.300048828125,1469.800048828125,1367.579833984375,1005046
1477.0999755859375,1493.699951171875,1460.199951171875,1489.699951171875,1386.095703125,820849
1491.0,1513.5,1488.0999755859375,1502.699951171875,1398.1915283203125,1060729
1498.0,1500.0,1446.0,1451.3499755859375,1350.412841796875,1635221
1461.0,1471.0,1436.6500244140625,1439.5,1339.386962890625,844758
1447.0,1460.800048828125,1432.1500244140625,1448.8499755859375,1348.086669921875,611220
1451.0,1458.050048828125,1437.0999755859375,1439.6500244140625,1339.526611328125,509514
1448.550048828125,1458.0,1429.550048828125,1440.4000244140625,1340.2244873046875,809439
1445.0,1446.550048828125,1416.0999755859375,1423.949951171875,1324.9183349609375,571157
1425.0,1428.949951171875,1402.5999755859375,1422.3499755859375,1323.4298095703125,1094853
1430.050048828125,1443.5,1422.5999755859375,1433.550048828125,1333.850830078125,426086
1430.0,1451.75,1420.25,1423.449951171875,1324.453125,558883
1419.9000244140625,1438.0,1401.0,1407.199951171875,1309.33349609375,627609
1414.0,1417.3499755859375,1394.0,1401.0999755859375,1303.6575927734375,676341
1399.0,1418.699951171875,1387.3499755859375,1399.5,1302.1689453125,886570
1399.5,1407.949951171875,1373.0,1383.3499755859375,1287.14208984375,751373
1363.3499755859375,1364.75,1312.050048828125,1320.8499755859375,1228.9886474609375,594201
1340.449951171875,1356.449951171875,1270.0,1284.199951171875,1194.887451171875,612866
1288.0,1342.0,1288.0,1335.25,1242.38720703125,701334
1340.3499755859375,1344.449951171875,1294.1500244140625,1325.5999755859375,1233.408447265625,630269
1328.9000244140625,1344.9000244140625,1297.1500244140625,1302.5999755859375,1212.0079345703125,826033
1258.9000244140625,1306.800048828125,1248.0,1300.949951171875,1210.47265625,728668
1276.75,1292.3499755859375,1227.550048828125,1248.3499755859375,1161.5308837890625,933025
1243.0,1264.75,1211.25,1215.449951171875,1130.9189453125,875884
1161.0,1163.949951171875,1082.6500244140625,1143.300048828125,1063.7867431640625,1840416
1079.3499755859375,1189.300048828125,1020.1500244140625,1179.449951171875,1097.4227294921875,1195003
1129.0,1149.699951171875,1095.0,1133.4000244140625,1054.5753173828125,1080894
1141.0999755859375,1162.3499755859375,1103.050048828125,1124.699951171875,1046.48046875,1156407
1137.199951171875,1144.949951171875,1069.0999755859375,1079.0999755859375,1004.0516967773438,819359
1033.9000244140625,1131.75,1000.4500122070312,1089.949951171875,1014.1470336914062,1213355
1085.0999755859375,1146.5,1060.5999755859375,1127.9000244140625,1049.4578857421875,844047
1034.0,1068.75,988.0,998.4500122070312,929.0108032226562,574633
1014.0,1030.0,941.0,947.75,881.8367919921875,1031111
928.0,939.5999755859375,895.1500244140625,918.2000122070312,854.3419189453125,2864743
921.7999877929688,980.0,896.0,966.0499877929688,898.864013671875,2279406
1000.0,1010.0,940.0,959.1500244140625,905.5673828125,1191624
939.7999877929688,959.0,924.0499877929688,934.4500122070312,882.247314453125,896815
959.0,985.8499755859375,938.3499755859375,968.5,914.3951416015625,1283873
964.7999877929688,969.0,948.0,963.4500122070312,909.6272583007812,1020894
960.0,969.7999877929688,936.9500122070312,962.5999755859375,908.8245849609375,1221285
976.0,1018.7999877929688,973.0999755859375,1009.9500122070312,953.529541015625,1579258
1000.0,1029.9000244140625,941.25,956.0499877929688,902.6405639648438,2153622
972.0,1015.0,951.7999877929688,999.5,943.6632690429688,2658881
1015.0,1122.0999755859375,1001.4500122070312,1067.25,1007.6284790039062,3572078
1087.0,1163.0,1077.25,1137.949951171875,1074.378662109375,2931467
1146.449951171875,1165.0,1116.8499755859375,1148.449951171875,1084.2921142578125,1548843
1169.0,1193.25,1136.199951171875,1172.800048828125,1107.2818603515625,1614409
1189.949951171875,1210.75,1170.0999755859375,1175.5,1109.8310546875,1951458
1167.0,1167.0,1132.449951171875,1136.75,1073.2457275390625,1379968
1155.1500244140625,1244.0,1120.0,1229.550048828125,1160.8616943359375,4910641
1228.949951171875,1237.949951171875,1177.550048828125,1190.449951171875,1123.94580078125,2072230
1182.0,1193.0,1151.699951171875,1156.5999755859375,1091.9869384765625,1332181
1170.0999755859375,1181.0,1134.5,1137.9000244140625,1074.33154296875,1469480
1158.0,1158.0,1122.0,1126.5,1063.5684814453125,1094402
1128.0,1140.0,1107.0,1122.199951171875,1059.508544921875,1998171
1139.25,1192.800048828125,1137.0,1179.0999755859375,1113.22998046875,1910075
1130.0,1149.4000244140625,1117.199951171875,1126.800048828125,1063.8516845703125,960797
1137.6500244140625,1168.449951171875,1125.75,1134.5999755859375,1071.2159423828125,2292647
1145.0,1190.0,1141.699951171875,1182.25,1116.2039794921875,2397623
1178.9000244140625,1204.0,1147.050048828125,1152.6500244140625,1088.2576904296875,1390594
1166.0,1179.0,1145.3499755859375,1153.800048828125,1089.34326171875,993471
1162.0,1187.949951171875,1160.050048828125,1170.199951171875,1104.8270263671875,988408
1165.800048828125,1172.4000244140625,1147.199951171875,1167.5999755859375,1102.372314453125,726718
1220.0,1257.0,1195.25,1207.949951171875,1140.4681396484375,3601199
1200.0,1219.4000244140625,1175.5,1189.0,1122.5770263671875,1301078
1200.0,1205.0,1173.0,1194.199951171875,1127.486328125,1267981
1202.0,1202.0,1125.0,1134.550048828125,1071.1688232421875,1191013
1140.050048828125,1159.0,1130.0,1138.449951171875,1088.2799072265625,1149445
1136.449951171875,1176.949951171875,1130.5999755859375,1170.8499755859375,1119.252197265625,972861
1175.0,1200.75,1170.0,1187.5999755859375,1135.263916015625,1009392
1172.0,1240.0,1161.5999755859375,1227.0999755859375,1173.0233154296875,1632163
1236.0,1282.800048828125,1236.0,1277.449951171875,1221.1544189453125,2562397
1287.0,1288.0,1242.199951171875,1259.550048828125,1204.043212890625,1483250
1263.4000244140625,1278.550048828125,1256.0,1272.199951171875,1216.1356201171875,1132216
1268.0,1297.949951171875,1261.050048828125,1270.199951171875,1214.2237548828125,1162838
1283.0,1310.0,1273.050048828125,1283.75,1227.1766357421875,1110142
1282.0,1299.300048828125,1272.800048828125,1287.0999755859375,1230.3790283203125,980515
1293.0,1307.0,1252.0,1261.300048828125,1205.7161865234375,1460106
1261.300048828125,1277.25,1240.199951171875,1269.0999755859375,1213.17236328125,1305261
1273.0,1305.0,1272.0,1297.3499755859375,1240.1773681640625,1214150
1315.0,1316.300048828125,1269.0,1274.050048828125,1217.9041748046875,1163443
1285.0,1293.5999755859375,1243.3499755859375,1250.449951171875,1195.34423828125,1238774
1252.0,1284.9000244140625,1252.0,1275.300048828125,1219.09912109375,1220062
1265.0,1282.699951171875,1240.800048828125,1244.550048828125,1189.7042236328125,865237
1180.0,1274.0,1180.0,1268.800048828125,1212.8857421875,1161457
1263.5,1270.0,1241.5,1250.9000244140625,1195.7744140625,740341
1270.0,1278.199951171875,1222.75,1239.25,1184.6378173828125,855364
1235.0,1245.0,1220.5999755859375,1232.5,1178.185302734375,735479
1230.0,1258.25,1225.0,1253.3499755859375,1198.116455078125,644001
1252.0,1284.9000244140625,1246.0999755859375,1272.0,1215.944580078125,904528
1273.0,1278.800048828125,1257.0999755859375,1263.449951171875,1207.7713623046875,498504
1268.0999755859375,1306.699951171875,1263.050048828125,1302.199951171875,1244.8135986328125,1138470
1304.0,1319.699951171875,1255.0,1265.6500244140625,1209.8743896484375,1403063
1263.0,1281.800048828125,1245.0,1251.0999755859375,1195.9656982421875,733629
1256.0,1295.0,1252.449951171875,1288.5999755859375,1231.81298828125,999751
1279.949951171875,1293.8499755859375,1265.5,1289.199951171875,1232.3865966796875,825390
1293.0,1335.5999755859375,1288.25,1332.25,1273.5394287109375,2752795
1339.949951171875,1340.0,1308.6500244140625,1325.949951171875,1267.51708984375,1411786
1329.800048828125,1340.0,1318.25,1328.8499755859375,1270.2891845703125,1008546
1330.0,1337.550048828125,1306.0,1314.949951171875,1257.0018310546875,1019896
1317.0,1334.949951171875,1307.0,1328.0,1269.4766845703125,1070274
1327.9000244140625,1327.9000244140625,1307.8499755859375,1313.0999755859375,1255.2332763671875,796319
1313.0999755859375,1320.699951171875,1290.5999755859375,1312.9000244140625,1255.042236328125,1102284
1319.0,1333.75,1306.300048828125,1322.9000244140625,1264.6015625,1366285
1321.5,1328.0,1306.0999755859375,1310.25,1252.5089111328125,832336
1310.25,1353.5,1310.25,1346.0,1286.68359375,1707182
1342.0,1359.9000244140625,1287.0,1294.0999755859375,1237.070556640625,2524296
1301.0,1313.449951171875,1285.0,1287.0,1230.283447265625,1351332
1287.5,1305.0,1253.0,1299.9000244140625,1242.614990234375,1425257
1304.4000244140625,1320.0,1297.949951171875,1315.8499755859375,1257.862060546875,1179361
1315.8499755859375,1334.800048828125,1314.5,1329.800048828125,1271.197265625,1539073
1370.050048828125,1423.949951171875,1367.449951171875,1379.25,1318.4681396484375,5958692
1388.0,1389.300048828125,1361.0,1372.300048828125,1311.824462890625,1133966
1375.0,1387.5999755859375,1357.0,1360.0999755859375,1300.162109375,1388277
1350.5999755859375,1360.0,1339.0,1343.800048828125,1284.58056640625,955293
1353.0,1372.949951171875,1338.0,1363.4000244140625,1303.3167724609375,1271972
1367.949951171875,1405.0,1362.050048828125,1400.5999755859375,1338.877197265625,1198590
1403.300048828125,1427.699951171875,1392.0,1410.949951171875,1348.77099609375,1634224
1416.5999755859375,1450.699951171875,1411.5,1447.199951171875,1383.423583984375,1624774
1454.800048828125,1454.9000244140625,1418.0,1425.449951171875,1362.632080078125,940224
1423.4000244140625,1452.949951171875,1410.050048828125,1414.0999755859375,1351.7822265625,1203679
1419.75,1429.8499755859375,1397.0999755859375,1401.449951171875,1339.68994140625,753109
1400.0,1429.5,1390.0,1411.9000244140625,1349.679443359375,1079939
1413.0999755859375,1425.0,1400.0,1406.199951171875,1344.23046875,544735
1407.0,1423.050048828125,1392.5,1397.199951171875,1335.627197265625,690559
1402.0999755859375,1408.949951171875,1386.0999755859375,1400.25,1338.542724609375,551249
1411.4000244140625,1434.949951171875,1400.0999755859375,1412.550048828125,1350.30078125,1072938
1415.0,1415.0,1392.0,1406.9000244140625,1344.899658203125,646766
1417.8499755859375,1427.949951171875,1391.75,1394.550048828125,1333.0938720703125,894757
1390.0,1416.800048828125,1380.449951171875,1385.300048828125,1324.25146484375,969191
1397.0,1397.0,1372.300048828125,1387.5999755859375,1326.4500732421875,586864
1390.0,1437.300048828125,1390.0,1431.949951171875,1368.845703125,1124291
1440.0,1444.0,1425.0,1429.300048828125,1366.312744140625,712568
1424.9000244140625,1440.9000244140625,1411.6500244140625,1419.4000244140625,1356.8487548828125,431512
1425.25,1435.0,1417.0,1422.0999755859375,1359.4298095703125,404214
1425.1500244140625,1439.0,1418.0,1421.449951171875,1358.808349609375,426151
1427.9000244140625,1429.0,1399.0,1401.9000244140625,1340.1199951171875,660576
1403.0,1410.3499755859375,1387.050048828125,1397.8499755859375,1336.24853515625,498770
1398.0999755859375,1415.699951171875,1393.75,1400.050048828125,1338.3515625,538452
1405.199951171875,1420.0,1391.0999755859375,1396.4000244140625,1334.8624267578125,466779
1393.0,1403.199951171875,1313.050048828125,1321.800048828125,1263.5499267578125,1157576
1323.050048828125,1344.9000244140625,1303.550048828125,1338.6500244140625,1279.657470703125,865323
1333.0,1361.800048828125,1326.6500244140625,1357.8499755859375,1298.01123046875,713412
1362.5,1365.75,1329.199951171875,1338.0999755859375,1279.131591796875,643146
1301.3499755859375,1327.949951171875,1301.3499755859375,1309.0,1251.31396484375,783809
1315.0,1343.75,1289.0,1339.8499755859375,1280.8043212890625,1963860
1339.800048828125,1339.800048828125,1303.300048828125,1308.5,1250.8359375,749560
1304.449951171875,1321.699951171875,1290.0,1315.9000244140625,1257.9100341796875,778883
1327.449951171875,1355.4000244140625,1307.0,1343.25,1284.0545654296875,677822
1346.1500244140625,1354.0,1315.6500244140625,1321.550048828125,1263.3109130859375,1148189
1350.0,1383.25,1343.300048828125,1367.3499755859375,1307.0926513671875,1717693
1368.0,1389.0,1350.75,1386.9000244140625,1325.7811279296875,847977
1384.4000244140625,1396.449951171875,1376.0,1389.699951171875,1328.45751953125,1134201
1388.25,1413.5999755859375,1383.1500244140625,1409.5999755859375,1347.480712890625,1421777
1411.0,1438.050048828125,1409.050048828125,1431.800048828125,1368.702392578125,1270015
1431.4000244140625,1431.4000244140625,1366.199951171875,1377.75,1317.0343017578125,437367
1380.0,1393.699951171875,1345.699951171875,1360.6500244140625,1300.6878662109375,710190
1360.0,1369.1500244140625,1326.4000244140625,1354.699951171875,1295.0,604886
1338.5,1350.0,1293.6500244140625,1303.6500244140625,1246.1998291015625,629524
1306.0,1339.75,1295.8499755859375,1333.3499755859375,1274.5909423828125,753140
1348.0,1380.75,1341.0,1375.4000244140625,1314.787841796875,743554
1380.4000244140625,1398.5999755859375,1358.300048828125,1379.1500244140625,1318.37255859375,1172432
1385.0999755859375,1402.0,1372.9000244140625,1393.449951171875,1332.0423583984375,608846
1410.0,1423.0,1396.0,1415.0999755859375,1352.7381591796875,850859
1420.0,1429.5,1402.0,1419.75,1357.183349609375,842747
1423.199951171875,1448.5,1416.25,1437.699951171875,1374.34228515625,764143
1440.4000244140625,1503.8499755859375,1432.1500244140625,1481.75,1416.451171875,2432770
1482.199951171875,1523.6500244140625,1468.449951171875,1517.9000244140625,1451.008056640625,1599072
1511.5999755859375,1531.5,1502.0,1507.199951171875,1440.779541015625,1015633
1501.0999755859375,1529.800048828125,1473.0999755859375,1516.949951171875,1450.0997314453125,1468639
1515.0,1565.9000244140625,1508.0,1521.8499755859375,1454.783935546875,2377141
1521.800048828125,1555.6500244140625,1507.199951171875,1549.5,1481.215576171875,1387895
1551.0,1562.4000244140625,1512.5,1522.4000244140625,1455.3096923828125,801810
1520.0,1566.0,1512.4000244140625,1561.1500244140625,1492.35205078125,1364090
1569.0,1575.0,1538.199951171875,1562.6500244140625,1493.7860107421875,1643909
1582.0999755859375,1622.0999755859375,1562.0,1579.550048828125,1509.9412841796875,6433186
1585.3499755859375,1625.5999755859375,1581.050048828125,1620.1500244140625,1548.751953125,2491966
1618.0,1636.199951171875,1604.050048828125,1629.0,1557.2120361328125,1839267
1635.0,1635.300048828125,1595.0,1604.550048828125,1533.83935546875,1189152
1604.9000244140625,1614.800048828125,1573.5,1578.800048828125,1509.22412109375,1151016
1579.800048828125,1700.0,1579.800048828125,1683.8499755859375,1609.644775390625,3953879
1667.550048828125,1680.0,1622.0999755859375,1638.9000244140625,1566.67578125,1583118
1619.0,1658.0999755859375,1611.0,1651.9000244140625,1579.102783203125,1386459
1650.300048828125,1698.9000244140625,1623.050048828125,1649.0,1576.33056640625,2458186
1649.0,1671.0,1630.0,1665.8499755859375,1592.4381103515625,1106012
1672.4000244140625,1687.199951171875,1645.0,1661.300048828125,1588.0885009765625,1021590
1661.0,1681.949951171875,1658.0,1676.3499755859375,1602.475341796875,973399
1692.0,1703.199951171875,1668.6500244140625,1699.4000244140625,1624.509521484375,1203200
1701.9000244140625,1702.6500244140625,1650.0999755859375,1654.199951171875,1581.3013916015625,1287283
1668.0999755859375,1683.0,1647.0,1669.699951171875,1596.1182861328125,1615110
1679.0,1696.949951171875,1648.0,1659.300048828125,1586.1766357421875,1349064
1666.0,1679.9000244140625,1648.0999755859375,1670.1500244140625,1596.5487060546875,2155521
1673.800048828125,1686.050048828125,1652.3499755859375,1674.9000244140625,1601.0892333984375,1514164
1674.0,1684.5,1657.699951171875,1676.3499755859375,1602.475341796875,727938
1677.9000244140625,1682.949951171875,1658.0,1668.050048828125,1594.5411376953125,91090
1671.300048828125,1723.9000244140625,1671.300048828125,1694.800048828125,1620.1123046875,2626953
1694.800048828125,1709.800048828125,1672.1500244140625,1686.300048828125,1611.98681640625,1817408
1673.6500244140625,1719.0,1667.4000244140625,1679.800048828125,1605.7733154296875,1382091
1684.0,1713.949951171875,1680.0,1686.800048828125,1612.46484375,1245196
1704.0,1757.0,1697.0,1725.550048828125,1649.5072021484375,2654717
1725.5,1738.550048828125,1691.9000244140625,1696.5999755859375,1621.8330078125,1638351
1710.0,1716.0,1660.0,1664.75,1591.3865966796875,1045474
1668.3499755859375,1700.0,1654.0,1692.5,1617.91357421875,1115726
1704.699951171875,1720.0,1672.5999755859375,1705.050048828125,1629.91064453125,7926397
1738.0,1785.0,1705.9000244140625,1747.9000244140625,1670.8721923828125,3242401
1745.0,1748.8499755859375,1701.300048828125,1729.25,1653.0440673828125,1326419
1739.75,1742.9000244140625,1707.0999755859375,1718.0999755859375,1642.385498046875,725291
1726.5999755859375,1732.949951171875,1654.550048828125,1665.949951171875,1592.53369140625,2540286
1682.5999755859375,1682.5999755859375,1637.699951171875,1660.550048828125,1587.3717041015625,1578664
1669.0,1700.0,1665.199951171875,1684.5,1610.2662353515625,2224442
1695.0,1699.0999755859375,1653.0,1656.5999755859375,1583.595703125,1662078
1629.0,1649.949951171875,1618.25,1632.6500244140625,1560.701171875,1873212
1642.699951171875,1659.949951171875,1605.0,1608.75,1537.8543701171875,1824475
1619.8499755859375,1630.0,1610.0,1615.050048828125,1543.876708984375,980845
1624.0,1639.0999755859375,1607.5999755859375,1634.449951171875,1562.4217529296875,1169280
1644.949951171875,1649.800048828125,1624.25,1633.0999755859375,1561.13134765625,821837
1639.4000244140625,1659.8499755859375,1634.0,1639.300048828125,1567.05810546875,1203365
1647.0,1654.75,1625.0,1648.300048828125,1575.6614990234375,1653822
1648.0,1648.0,1485.0,1570.3499755859375,1501.1466064453125,1990374
1572.8499755859375,1587.9000244140625,1520.0,1564.949951171875,1495.984619140625,1350612
1547.0,1583.0,1541.0,1578.8499755859375,1509.2718505859375,1079550
1690.0,1694.4000244140625,1605.199951171875,1614.6500244140625,1543.4945068359375,3608554
1614.0,1625.75,1600.0,1622.449951171875,1550.9505615234375,1084367
1632.0999755859375,1632.699951171875,1605.5999755859375,1616.75,1545.501953125,803645
1619.9000244140625,1652.550048828125,1600.0,1648.25,1575.6136474609375,1718433
1648.0,1648.0,1610.6500244140625,1617.6500244140625,1546.3623046875,1350169
1617.199951171875,1632.0,1615.6500244140625,1626.0999755859375,1554.439697265625,647892
1634.0,1649.0,1628.0,1641.4000244140625,1569.065673828125,1446174
1639.949951171875,1655.25,1629.25,1645.300048828125,1572.793701171875,1229551
1658.0,1679.0,1641.0,1674.449951171875,1600.658935546875,1755315
1691.25,1720.0,1683.199951171875,1704.3499755859375,1629.2413330078125,2052711
1720.0,1769.550048828125,1713.050048828125,1761.25,1683.6339111328125,2133816
1743.949951171875,1799.0,1743.5,1787.050048828125,1708.2969970703125,1677994
1783.0,1814.0,1775.0999755859375,1795.0999755859375,1715.9920654296875,1505259
1795.1500244140625,1811.699951171875,1771.0999755859375,1792.4000244140625,1713.4111328125,922665
1790.0,1805.0,1773.0,1785.5,1706.8153076171875,627682
1780.0,1785.9000244140625,1718.25,1740.0999755859375,1663.416015625,1238841
1738.0,1746.3499755859375,1670.25,1701.5,1626.5169677734375,965219
1703.5999755859375,1720.9000244140625,1690.0,1712.4000244140625,1636.936767578125,1062139
1714.0,1718.6500244140625,1688.0,1710.050048828125,1634.6903076171875,841615
1720.4000244140625,1726.6500244140625,1656.0,1665.75,1592.3424072265625,1486010
1674.0,1708.949951171875,1653.25,1694.8499755859375,1620.16015625,1280708
1724.550048828125,1725.6500244140625,1658.0,1663.1500244140625,1589.8570556640625,905403
1657.699951171875,1675.949951171875,1624.199951171875,1637.8499755859375,1565.671875,891651
1617.8499755859375,1638.9000244140625,1608.0999755859375,1633.0999755859375,1561.13134765625,584432
1645.0,1655.0,1593.4000244140625,1603.8499755859375,1533.1702880859375,859756
1625.0,1696.949951171875,1584.199951171875,1685.449951171875,1611.17431640625,952374
1700.0,1784.0,1691.050048828125,1762.8499755859375,1685.1634521484375,1697944
1770.0,1783.949951171875,1719.800048828125,1727.6500244140625,1651.5146484375,893327
1734.5,1761.4000244140625,1716.3499755859375,1748.949951171875,1671.8758544921875,952288
1755.0,1763.0,1715.0,1723.0,1647.069580078125,1089231
1736.0,1776.0,1727.0,1763.9000244140625,1686.1671142578125,1247842
1771.8499755859375,1779.0,1753.25,1761.6500244140625,1684.0162353515625,791259
1769.0,1802.449951171875,1747.0,1761.75,1684.1119384765625,1419214
1750.0,1790.0,1742.0,1775.949951171875,1697.68603515625,1521543
1751.0,1813.5999755859375,1716.0999755859375,1765.75,1687.9356689453125,3673122
1785.0,1798.0,1766.6500244140625,1788.050048828125,1709.2528076171875,911884
1791.0,1843.550048828125,1784.949951171875,1819.300048828125,1739.125732421875,1937730
1820.0,1837.0,1807.0,1819.75,1739.5557861328125,860949
1833.0999755859375,1838.0999755859375,1775.1500244140625,1787.9000244140625,1709.1094970703125,634760
1800.0,1801.75,1735.5,1747.3499755859375,1670.3465576171875,767848
1749.800048828125,1754.9000244140625,1689.6500244140625,1700.3499755859375,1625.417724609375,533284
1714.9000244140625,1724.949951171875,1686.050048828125,1697.050048828125,1622.26318359375,735863
1708.0,1745.0,1708.0,1730.6500244140625,1654.3824462890625,481605
1742.0,1810.0,1730.0999755859375,1801.25,1721.87109375,1114144
1780.0,1847.0,1712.0,1733.199951171875,1656.81982421875,2973895
1754.4000244140625,1779.8499755859375,1725.699951171875,1774.4000244140625,1696.2044677734375,890744
1779.0,1812.949951171875,1760.050048828125,1771.800048828125,1693.718994140625,824150
1784.0,1817.75,1773.199951171875,1796.4000244140625,1717.23486328125,841356
1774.199951171875,1863.9000244140625,1765.25,1853.699951171875,1772.0096435546875,1152626
1859.0,1894.0,1812.5,1824.449951171875,1744.0487060546875,2338230
1836.449951171875,1853.4000244140625,1813.5,1822.800048828125,1742.471435546875,757659
1830.0,1856.5999755859375,1795.0999755859375,1827.8499755859375,1747.298828125,825196
1838.9000244140625,1844.0,1810.75,1835.050048828125,1754.1815185546875,645527
1843.9000244140625,1848.0,1782.0,1787.6500244140625,1708.87060546875,1032982
1792.0,1798.75,1741.0999755859375,1767.0999755859375,1689.22607421875,715924
1771.0999755859375,1789.75,1760.9000244140625,1766.1500244140625,1688.3179931640625,530988
1766.0999755859375,1776.949951171875,1721.550048828125,1727.6500244140625,1651.5146484375,871784
1744.949951171875,1749.0,1711.050048828125,1731.75,1655.4339599609375,933344
1721.800048828125,1770.0,1692.0,1755.0,1677.659423828125,1091315
1760.0,1873.9000244140625,1751.199951171875,1860.0,1778.0321044921875,4627665
1859.949951171875,1925.0,1839.5999755859375,1913.75,1829.4134521484375,1921529
1909.0,1923.300048828125,1888.0,1892.25,1808.86083984375,1293661
1909.0,1912.0,1841.699951171875,1850.0,1768.4727783203125,981995
1865.0,1888.0,1848.0,1861.949951171875,1779.896240234375,572651
1864.0,1905.0,1858.1500244140625,1874.050048828125,1805.03515625,621135
1876.550048828125,1920.5999755859375,1867.5,1903.25,1833.15966796875,672297
1920.0,1920.0,1886.949951171875,1913.3499755859375,1842.8876953125,765296
1908.0,1937.0,1872.0999755859375,1894.4000244140625,1824.6356201171875,1272161
1904.9000244140625,1922.699951171875,1890.050048828125,1908.449951171875,1838.1680908203125,965415
1919.5,1954.5,1901.9000244140625,1918.449951171875,1847.7999267578125,1643523
1925.0,2010.0,1924.0,1981.6500244140625,1908.6724853515625,948277
1999.0,2022.8499755859375,1948.449951171875,1960.75,1888.542236328125,1376841
1934.949951171875,1934.949951171875,1860.3499755859375,1885.699951171875,1816.255859375,810830
1895.0,1904.949951171875,1858.0,1882.1500244140625,1812.8367919921875,531684
1890.0,1896.199951171875,1812.0,1836.6500244140625,1769.0123291015625,706453
1842.0999755859375,1902.3499755859375,1840.199951171875,1881.75,1812.451416015625,1061445
1859.550048828125,1881.9000244140625,1826.5,1876.75,1807.6356201171875,1288212
1980.0,1980.0,1810.0,1825.800048828125,1758.56201171875,5873433
1824.949951171875,1850.0,1782.25,1831.6500244140625,1764.196533203125,1662315
1825.9000244140625,1854.9000244140625,1802.0,1812.9000244140625,1746.1368408203125,886188
1818.0,1851.949951171875,1817.25,1844.75,1776.8140869140625,833521
1845.3499755859375,1867.449951171875,1836.300048828125,1859.75,1791.2615966796875,908739
1871.0,1884.949951171875,1850.0,1872.1500244140625,1803.2049560546875,879407
1881.0,1886.800048828125,1855.0,1877.050048828125,1807.924560546875,597466
1869.0,1903.449951171875,1855.050048828125,1882.75,1813.41455078125,1081167
1860.0,1904.9000244140625,1853.199951171875,1898.0,1828.10302734375,501054
1912.0,1915.0,1866.0,1869.0,1800.1710205078125,478133
1875.0,1897.949951171875,1870.0999755859375,1888.550048828125,1819.0009765625,381806
1895.0,1908.5,1877.199951171875,1896.25,1826.41748046875,292905
1903.0,1928.9000244140625,1896.050048828125,1904.75,1834.6043701171875,641334
1918.5,1921.0,1880.25,1885.699951171875,1816.255859375,575662
1870.0,1920.0,1860.25,1909.949951171875,1839.6129150390625,692022
1903.9000244140625,1909.949951171875,1877.0,1882.699951171875,1813.3663330078125,464947
1893.75,1898.9000244140625,1854.0,1876.800048828125,1807.683837890625,567649
1877.3499755859375,1907.75,1867.4000244140625,1903.5999755859375,1833.496826171875,534633
1916.0,1951.8499755859375,1906.050048828125,1939.949951171875,1868.5081787109375,874925
1939.449951171875,1982.0,1917.0,1927.25,1856.2757568359375,963994
1940.0,1963.5,1921.0,1958.1500244140625,1886.037841796875,696109
1970.050048828125,1987.949951171875,1959.300048828125,1965.25,1892.87646484375,674816
1968.0,1997.9000244140625,1953.0,1984.449951171875,1911.3692626953125,657392
1995.0,1995.4000244140625,1953.4000244140625,1961.199951171875,1888.9754638671875,501731
1962.449951171875,1981.9000244140625,1957.199951171875,1977.449951171875,1904.6270751953125,444885
1979.300048828125,2040.0,1966.6500244140625,2000.1500244140625,1926.4912109375,1967922
1994.9000244140625,2009.5999755859375,1975.0,1985.449951171875,1912.33251953125,415702
1979.0999755859375,2001.4000244140625,1968.5,1986.050048828125,1912.9105224609375,443113
1990.0,2001.0,1959.75,1973.449951171875,1900.7744140625,297295
1975.25,2007.300048828125,1970.9000244140625,1997.0999755859375,1923.5535888671875,447284
1999.1500244140625,2030.0,1999.1500244140625,2027.3499755859375,1952.689453125,571072
2024.0,2037.0999755859375,2005.0,2009.9000244140625,1935.8822021484375,219638
2015.5,2058.89990234375,2011.0,2045.949951171875,1970.6044921875,494925
2050.0,2062.60009765625,2026.300048828125,2042.6500244140625,1967.4261474609375,314233
2045.0,2045.4000244140625,1990.699951171875,2004.4000244140625,1930.5845947265625,470131
2015.0,2037.0,2004.4000244140625,2030.300048828125,1955.5308837890625,364626
2030.300048828125,2043.699951171875,2013.1500244140625,2024.5,1949.9444580078125,173453
2022.0,2043.5,1990.050048828125,2040.550048828125,1965.4034423828125,262106
2042.0,2066.0,2031.050048828125,2042.949951171875,1967.71484375,303143
2042.0,2053.0,2013.4000244140625,2020.5,1946.091796875,152299
2005.0,2062.949951171875,2005.0,2042.199951171875,1966.992431640625,412228
2043.25,2063.0,1996.199951171875,2027.9000244140625,1953.21923828125,502755
2009.5,2041.9000244140625,1988.9000244140625,2028.0999755859375,1953.4117431640625,478588
2032.949951171875,2078.0,2028.6500244140625,2049.35009765625,1973.87939453125,712732
2049.699951171875,2059.89990234375,2025.0,2030.550048828125,1955.771728515625,268921
2025.0,2040.699951171875,2019.0999755859375,2027.449951171875,1952.7857666015625,253261
2028.9000244140625,2048.0,2028.0,2041.1500244140625,1965.9813232421875,329128
2046.0,2059.949951171875,2023.0999755859375,2050.949951171875,1975.4202880859375,380090
2054.300048828125,2064.89990234375,2040.0,2053.050048828125,1977.443115234375,279895
2052.199951171875,2052.449951171875,2008.050048828125,2014.800048828125,1940.6016845703125,450373
2021.800048828125,2021.800048828125,1991.699951171875,1996.0,1922.4940185546875,335738
2003.9000244140625,2004.3499755859375,1978.0,1987.25,1914.066162109375,293738
1997.6500244140625,2006.5999755859375,1975.0,1982.75,1909.73193359375,328547
1987.8499755859375,2058.550048828125,1983.050048828125,2022.8499755859375,1948.3551025390625,1171831
2031.699951171875,2044.449951171875,2012.9000244140625,2036.550048828125,1961.55078125,339727
2041.0,2057.35009765625,2022.0,2029.5,1954.76025390625,342553
2029.5,2040.0,2017.0999755859375,2037.25,1962.224853515625,174442
2042.5,2087.0,2042.5,2072.300048828125,1995.984130859375,770557
2082.0,2091.699951171875,2070.5,2084.800048828125,2008.0238037109375,420437
2083.64990234375,2097.949951171875,2070.89990234375,2081.550048828125,2004.8934326171875,363780
2080.0,2125.10009765625,2068.699951171875,2112.449951171875,2034.6556396484375,710905
2122.449951171875,2135.0,2112.0,2129.35009765625,2050.933349609375,425910
2117.89990234375,2168.0,2105.199951171875,2151.89990234375,2072.652587890625,666887
2226.0,2344.050048828125,2192.199951171875,2308.85009765625,2223.822998046875,8593295
2340.0,2340.0,2271.10009765625,2290.25,2205.90771484375,1010305
2296.14990234375,2375.0,2292.5,2337.550048828125,2251.4658203125,1664900
2337.300048828125,2374.800048828125,2308.10009765625,2369.199951171875,2281.9501953125,695393
2371.0,2395.0,2356.800048828125,2371.699951171875,2284.3583984375,1017264
2369.0,2397.199951171875,2330.25,2393.89990234375,2305.74072265625,437170
2400.0,2413.0,2349.800048828125,2364.0,2276.94189453125,677603
2365.0,2415.0,2360.0,2394.10009765625,2305.933349609375,465284
2395.0,2434.39990234375,2381.199951171875,2424.0,2334.732177734375,464987
2420.0,2440.800048828125,2392.0,2433.10009765625,2343.4970703125,538219
2433.0,2454.949951171875,2393.0,2398.60009765625,2310.267822265625,380386
2400.050048828125,2413.699951171875,2375.199951171875,2392.199951171875,2304.103271484375,399193
2382.10009765625,2398.800048828125,2335.39990234375,2341.35009765625,2255.1259765625,516746
2348.0,2366.550048828125,2304.0,2312.60009765625,2227.434814453125,449768
2324.0,2330.0,2266.949951171875,2296.949951171875,2212.36083984375,321608
2297.0,2327.949951171875,2248.550048828125,2276.050048828125,2192.230712890625,401413
2278.35009765625,2329.949951171875,2255.0,2292.0,2207.593505859375,593594
2295.449951171875,2322.699951171875,2273.75,2308.60009765625,2223.58203125,275083
2309.800048828125,2325.0,2290.0,2296.25,2211.686767578125,293777
2300.0,2315.0,2271.0,2308.75,2223.7265625,309125
2315.14990234375,2363.85009765625,2311.199951171875,2356.300048828125,2269.525146484375,965286
2330.14990234375,2373.800048828125,2281.0,2290.550048828125,2206.197021484375,596640
2300.0,2320.0,2230.550048828125,2261.449951171875,2178.168212890625,477873
2267.050048828125,2293.85009765625,2257.0,2280.949951171875,2196.9501953125,423186
2285.14990234375,2305.0,2255.199951171875,2267.35009765625,2183.851318359375,339700
2270.800048828125,2286.5,2258.25,2275.550048828125,2191.749267578125,373379
2279.949951171875,2354.64990234375,2266.300048828125,2348.10009765625,2261.62744140625,591864
2352.0,2390.0,2350.0,2386.5,2298.61328125,456720
2393.800048828125,2419.699951171875,2365.5,2413.199951171875,2324.329833984375,580467
2420.0,2437.39990234375,2393.050048828125,2424.050048828125,2334.780517578125,418473
2428.89990234375,2498.0,2413.14990234375,2474.199951171875,2383.08349609375,589580
2483.300048828125,2485.0,2436.300048828125,2469.0,2378.074951171875,444256
2487.89990234375,2509.0,2469.0,2472.75,2381.686767578125,426552
2476.0,2494.0,2444.699951171875,2483.5,2392.041015625,322194
2478.10009765625,2486.89990234375,2431.25,2448.949951171875,2358.76318359375,312258
2440.0,2463.0,2433.5,2458.75,2368.202392578125,181417
2460.0,2479.89990234375,2420.35009765625,2471.39990234375,2380.38671875,265232
2470.0,2475.050048828125,2437.550048828125,2442.949951171875,2352.984375,174874
2448.0,2479.60009765625,2442.60009765625,2467.39990234375,2376.53369140625,234175
2476.60009765625,2479.39990234375,2416.25,2429.699951171875,2340.22216796875,264530
2440.0,2444.0,2372.300048828125,2394.85009765625,2306.65576171875,538103
2378.0,2390.0,2320.0,2325.949951171875,2240.293212890625,299170
2325.949951171875,2339.89990234375,2284.0,2332.300048828125,2246.4091796875,567297
2339.300048828125,2379.0,2331.10009765625,2365.550048828125,2278.434814453125,308803
2375.0,2380.5,2340.050048828125,2351.050048828125,2264.468505859375,380958
2368.0,2372.949951171875,2281.0,2298.75,2214.0947265625,434577
2305.550048828125,2346.75,2286.5,2331.85009765625,2245.975830078125,363257
2334.0,2357.89990234375,2286.050048828125,2300.25,2215.53955078125,304307
2290.0,2293.35009765625,2245.10009765625,2271.10009765625,2187.463134765625,518866
2270.199951171875,2276.89990234375,2251.199951171875,2254.5,2171.474365234375,300368
2237.0,2258.0,2211.35009765625,2237.5,2155.100341796875,319800
2245.0,2283.949951171875,2233.0,2265.64990234375,2182.213623046875,394631
2253.14990234375,2284.0,2253.14990234375,2263.699951171875,2180.33544921875,251071
2265.949951171875,2278.0,2194.35009765625,2203.25,2122.11181640625,446408
2215.300048828125,2276.0,2215.300048828125,2265.85009765625,2182.406494140625,318393
2273.0,2284.89990234375,2235.449951171875,2240.89990234375,2158.375244140625,249365
2250.0,2274.800048828125,2242.14990234375,2249.85009765625,2166.99560546875,211576
2245.0,2259.0,2226.949951171875,2245.64990234375,2162.949951171875,183872
2257.5,2269.800048828125,2250.0,2259.699951171875,2176.482666015625,280779
2270.0,2349.5,2267.0,2309.85009765625,2224.7861328125,1290679
2364.0,2364.0,2291.85009765625,2304.39990234375,2219.536376953125,627590
2319.0,2328.0,2232.449951171875,2242.75,2160.156982421875,679577
2289.0,2359.0,2221.0,2263.60009765625,2180.239501953125,3817624
2285.949951171875,2286.75,2202.85009765625,2236.35009765625,2153.992919921875,803674
2241.199951171875,2259.35009765625,2165.0,2212.050048828125,2130.587890625,528370
2210.0,2215.949951171875,2142.050048828125,2208.449951171875,2127.119873046875,683253
2215.0,2244.949951171875,2210.0,2236.300048828125,2153.94482421875,484377
2238.39990234375,2275.0,2233.5,2249.39990234375,2166.56201171875,471518
2252.0,2324.89990234375,2245.0,2287.85009765625,2203.596435546875,889979
2285.0,2354.800048828125,2237.550048828125,2333.39990234375,2247.46875,732835
2345.050048828125,2399.800048828125,2328.39990234375,2374.300048828125,2286.86279296875,703217
2385.0,2416.0,2374.89990234375,2392.0,2303.91064453125,461093
2404.14990234375,2428.75,2394.14990234375,2420.5,2331.361083984375,364903
2425.89990234375,2437.449951171875,2419.050048828125,2431.449951171875,2341.907958984375,68940
2453.85009765625,2530.0,2440.050048828125,2518.35009765625,2425.607666015625,878142
2523.0,2552.5,2502.050048828125,2538.300048828125,2444.822998046875,531520
2530.699951171875,2568.35009765625,2513.10009765625,2554.14990234375,2460.0888671875,414868
2545.949951171875,2564.800048828125,2525.0,2558.199951171875,2463.990234375,298854
2568.0,2578.0,2546.0,2571.949951171875,2477.233642578125,303364
2570.0,2589.0,2530.300048828125,2563.10009765625,2468.709716796875,229541
2561.14990234375,2566.449951171875,2483.0,2492.75,2400.950439453125,248153
2482.0,2496.35009765625,2463.050048828125,2471.550048828125,2380.531005859375,279037
2474.800048828125,2502.300048828125,2415.10009765625,2440.5,2350.62451171875,237386
2440.5,2445.0,2355.0,2373.550048828125,2286.14013671875,244687
2350.0,2420.10009765625,2349.89990234375,2403.89990234375,2315.372314453125,209320
2410.0,2428.25,2392.550048828125,2404.75,2316.191162109375,237362
2404.89990234375,2413.550048828125,2380.0,2385.449951171875,2297.601806640625,201394
2358.800048828125,2388.0,2300.10009765625,2311.5,2226.375244140625,208380
2280.0,2325.0,2240.0,2289.60009765625,2205.28173828125,458730
2283.14990234375,2322.949951171875,2269.85009765625,2286.39990234375,2202.199462890625,415128
2296.0,2332.449951171875,2248.0,2253.449951171875,2170.463134765625,423543
2248.14990234375,2278.75,2229.60009765625,2264.64990234375,2181.25048828125,457153
2268.10009765625,2304.550048828125,2250.10009765625,2262.199951171875,2178.890869140625,439164
2265.0,2272.949951171875,2205.0,2217.300048828125,2135.644287109375,234956
2239.0,2254.949951171875,2211.0,2245.050048828125,2162.37255859375,293341
2255.14990234375,2299.89990234375,2249.199951171875,2292.25,2207.833984375,315816
2294.10009765625,2324.0,2287.949951171875,2320.0,2234.562255859375,286871
2319.0,2330.199951171875,2302.0,2315.550048828125,2230.27587890625,202000
2329.0,2340.85009765625,2290.0,2296.050048828125,2211.494140625,282819
2280.0,2326.300048828125,2272.449951171875,2320.14990234375,2234.706787109375,408050
2317.25,2330.800048828125,2275.0,2285.5,2201.332763671875,252969
2297.5,2298.5,2263.0,2266.449951171875,2182.984130859375,247839
2266.0,2274.0,2207.5,2215.050048828125,2133.477294921875,290265
2194.89990234375,2199.64990234375,2087.800048828125,2115.89990234375,2037.9783935546875,307702
2136.0,2179.0,2123.85009765625,2138.550048828125,2059.794189453125,294036
2148.0,2168.949951171875,2138.300048828125,2149.89990234375,2070.72607421875,376346
2164.949951171875,2176.949951171875,2141.14990234375,2150.800048828125,2071.59326171875,323002
2158.949951171875,2162.0,2112.5,2126.050048828125,2047.7547607421875,152954
2124.0,2139.89990234375,2101.0,2136.699951171875,2058.012451171875,112982
2142.0,2162.10009765625,2139.199951171875,2151.25,2072.02685546875,704309
2154.0,2166.85009765625,2137.050048828125,2162.64990234375,2083.006591796875,203826
2167.0,2171.949951171875,2153.199951171875,2163.25,2083.584716796875,216056
2163.0,2238.5,2162.449951171875,2215.75,2134.1513671875,467894
2220.199951171875,2259.550048828125,2214.14990234375,2251.35009765625,2168.4404296875,335699
2258.0,2264.800048828125,2216.5,2224.300048828125,2142.386474609375,363436
2225.0,2246.0,2220.10009765625,2241.300048828125,2158.760498046875,372959
2230.0,2263.800048828125,2202.0,2227.300048828125,2145.276123046875,470965
2234.0,2303.800048828125,2232.050048828125,2284.60009765625,2200.466064453125,573885
2297.14990234375,2325.0,2278.550048828125,2320.14990234375,2234.706787109375,358989
2327.0,2344.550048828125,2286.300048828125,2297.60009765625,2212.9873046875,289218
2310.0,2328.800048828125,2273.0,2314.800048828125,2229.5537109375,380195
2323.0,2325.449951171875,2298.10009765625,2314.14990234375,2228.927490234375,221162
2319.89990234375,2374.0,2304.75,2358.10009765625,2271.25927734375,676328
2364.0,2391.0,2301.0,2378.64990234375,2291.05224609375,490475
2391.0,2392.89990234375,2240.35009765625,2253.25,2170.270263671875,691178
2261.0,2262.800048828125,2219.199951171875,2231.800048828125,2149.6103515625,372235
2230.0,2285.25,2230.0,2254.0,2170.99267578125,322553
2240.0,2255.89990234375,2196.0,2215.75,2134.1513671875,238038
2210.0,2219.64990234375,2148.35009765625,2167.449951171875,2087.630126953125,467114
2160.10009765625,2192.60009765625,2120.050048828125,2179.949951171875,2099.669677734375,262179
2156.0,2179.0,2127.64990234375,2167.699951171875,2087.870849609375,298193
2179.89990234375,2238.550048828125,2173.85009765625,2215.949951171875,2134.34375,272371
2230.39990234375,2292.699951171875,2227.0,2285.75,2201.573486328125,428789
2300.050048828125,2355.0,2272.699951171875,2332.550048828125,2246.650146484375,491690
2348.75,2350.050048828125,2300.0,2306.550048828125,2221.607421875,274847
2308.89990234375,2328.0,2286.25,2293.60009765625,2209.13427734375,253714
2298.199951171875,2322.449951171875,2270.0,2274.75,2190.978759765625,184813
2282.699951171875,2292.75,2239.25,2282.199951171875,2198.154052734375,201382
2286.0,2310.0,2262.199951171875,2304.75,2219.873779296875,608392
2317.300048828125,2338.800048828125,2290.199951171875,2310.300048828125,2225.219482421875,367725
2280.0,2324.800048828125,2265.0,2303.550048828125,2218.7177734375,876424
2290.0,2297.0,2240.0,2249.35009765625,2166.51416015625,359096
2217.800048828125,2220.14990234375,2145.0,2153.89990234375,2074.5791015625,279841
2156.5,2240.0,2156.5,2234.300048828125,2152.01806640625,259988
2250.0,2266.25,2215.39990234375,2239.39990234375,2156.930419921875,218682
2240.39990234375,2267.550048828125,2215.75,2226.85009765625,2144.8427734375,218668
2208.75,2220.0,2172.0,2181.14990234375,2100.825439453125,295149
2178.699951171875,2205.25,2151.0,2184.89990234375,2104.4375,291112
2154.89990234375,2180.800048828125,2100.10009765625,2165.39990234375,2085.655517578125,323721
2169.050048828125,2197.0,2143.699951171875,2151.300048828125,2072.07470703125,376034
2085.10009765625,2120.64990234375,2002.0,2014.0,1939.8310546875,474202
2045.0,2084.449951171875,2030.0,2059.550048828125,1983.703857421875,286586
2044.0,2095.0,2020.3499755859375,2089.14990234375,2012.213623046875,349612
2073.800048828125,2099.949951171875,2043.0,2067.75,1991.6016845703125,494931
2088.0,2092.699951171875,1950.0,1956.0,1883.967041015625,728165
1940.0,2020.0,1926.199951171875,2010.550048828125,1936.50830078125,801645
1972.0,1978.0,1900.0,1950.1500244140625,1878.33251953125,536549
1940.0,1968.949951171875,1902.0,1962.0999755859375,1889.8424072265625,330394
1976.0,2015.9000244140625,1956.6500244140625,2000.8499755859375,1927.1654052734375,419651
2050.0,2073.949951171875,2001.0,2047.5999755859375,1972.19384765625,315957
2044.5,2061.85009765625,2016.0,2041.9000244140625,1966.7037353515625,372130
2054.0,2065.0,2025.0,2058.050048828125,1982.259033203125,184932
2070.0,2109.699951171875,2043.699951171875,2060.35009765625,1984.474365234375,358798
2088.35009765625,2132.35009765625,2066.5,2129.14990234375,2050.740478515625,395803
2166.0,2166.0,2118.0,2122.64990234375,2044.4798583984375,820627
2101.0,2141.75,2046.6500244140625,2055.75,1980.0435791015625,1043891
2054.949951171875,2074.699951171875,2025.0,2058.300048828125,1982.499755859375,452916
2064.10009765625,2086.0,2050.0,2069.75,1993.528076171875,232620
2050.14990234375,2092.949951171875,2050.14990234375,2080.39990234375,2003.7857666015625,294252
2085.0,2090.89990234375,2049.050048828125,2064.199951171875,1988.182373046875,278510
2081.35009765625,2081.35009765625,2039.050048828125,2059.64990234375,1983.800048828125,231188
2073.0,2135.300048828125,2070.25,2128.550048828125,2050.162353515625,725118
2140.0,2172.699951171875,2136.0,2150.89990234375,2071.689453125,702919
2154.800048828125,2170.300048828125,2143.25,2151.35009765625,2072.123046875,464111
2148.0,2160.0,2128.35009765625,2151.0,2071.785888671875,838234
2110.0,2133.0,2102.050048828125,2119.449951171875,2097.9677734375,655757
2134.800048828125,2158.0,2112.0,2149.64990234375,2127.861572265625,615501
2149.64990234375,2199.0,2124.60009765625,2145.5,2123.75390625,1082516
2148.0,2180.0,2129.050048828125,2136.699951171875,2115.04296875,420470
2148.0,2181.0,2128.550048828125,2170.550048828125,2148.5498046875,861328
2175.0,2284.60009765625,2163.64990234375,2232.89990234375,2210.267822265625,1935494
2232.89990234375,2233.0,2169.89990234375,2181.39990234375,2159.28955078125,625499
2188.0,2244.64990234375,2163.550048828125,2208.64990234375,2186.263427734375,753209
2200.0,2248.89990234375,2147.64990234375,2155.199951171875,2133.35546875,442194
2158.10009765625,2174.60009765625,2023.550048828125,2056.5,2035.65576171875,824740
2075.0,2221.75,2065.64990234375,2208.25,2185.86767578125,3687080
2218.25,2275.0,2205.25,2270.10009765625,2247.0908203125,1491272
2250.10009765625,2283.0,2237.199951171875,2263.25,2240.310302734375,558880
2252.0,2319.5,2240.0,2262.050048828125,2239.12255859375,1075394
2291.5,2337.949951171875,2268.0,2311.35009765625,2287.9228515625,733155
2306.199951171875,2361.75,2263.050048828125,2349.89990234375,2326.081787109375,1043493
2383.0,2387.14990234375,2314.050048828125,2376.75,2352.659912109375,995576
2376.75,2397.0,2321.449951171875,2328.89990234375,2305.294677734375,784968
2314.0,2358.300048828125,2309.699951171875,2347.199951171875,2323.409423828125,490846
2350.0,2363.35009765625,2273.5,2300.10009765625,2276.786865234375,451428
2325.0,2332.199951171875,2269.85009765625,2277.85009765625,2254.762451171875,395262
2249.0,2274.89990234375,2232.35009765625,2245.449951171875,2222.6904296875,571407
2221.0,2255.0,2201.5,2232.89990234375,2210.267822265625,323573
2235.10009765625,2249.39990234375,2185.0,2198.550048828125,2176.26611328125,365873
2203.0,2217.449951171875,2135.300048828125,2167.64990234375,2145.67919921875,546421
2159.949951171875,2209.800048828125,2101.25,2177.39990234375,2155.330322265625,348099
2195.0,2196.699951171875,2099.050048828125,2113.300048828125,2091.880126953125,431751
2140.0,2287.699951171875,2140.0,2196.199951171875,2173.939697265625,3304245
2220.0,2255.0,2182.550048828125,2225.85009765625,2203.289306640625,1060771
2249.0,2252.0,2218.199951171875,2236.64990234375,2213.979736328125,851138
2198.199951171875,2255.0,2192.75,2231.0,2208.386962890625,600776
2250.89990234375,2274.39990234375,2234.550048828125,2239.39990234375,2216.701904296875,514340
2260.0,2265.75,2208.14990234375,2213.39990234375,2190.96533203125,345694
2213.0,2236.449951171875,2199.050048828125,2210.949951171875,2188.540283203125,267961
2217.0,2224.64990234375,2182.5,2186.10009765625,2163.9423828125,236264
2194.89990234375,2214.0,2165.0,2208.0,2185.620361328125,309697
2218.949951171875,2218.949951171875,2190.449951171875,2198.050048828125,2175.771240234375,215682
2208.0,2217.35009765625,2196.14990234375,2208.35009765625,2185.966796875,625645
2214.89990234375,2230.0,2190.35009765625,2198.39990234375,2176.117431640625,590767
2205.89990234375,2214.800048828125,2182.5,2195.85009765625,2173.593505859375,394675
2190.0,2211.64990234375,2186.050048828125,2198.75,2176.4638671875,195697
2205.5,2216.85009765625,2122.199951171875,2133.10009765625,2111.4794921875,715122
2144.89990234375,2167.5,2130.550048828125,2138.25,2116.577392578125,374121
2133.0,2148.89990234375,2088.0,2138.35009765625,2116.676513671875,1062704
2145.0,2148.25,2113.60009765625,2135.5,2113.855224609375,490375
2130.5,2150.0,2122.699951171875,2138.10009765625,2116.428955078125,335166
2134.550048828125,2153.949951171875,2112.0,2135.39990234375,2113.756103515625,283855
2117.0,2129.0,2098.699951171875,2121.25,2099.74951171875,231725
2112.14990234375,2130.0,2101.949951171875,2116.10009765625,2094.65185546875,302507
2120.0,2131.0,2112.10009765625,2122.64990234375,2101.13525390625,205602
2135.39990234375,2139.89990234375,2079.64990234375,2084.25,2063.124755859375,253721
2075.60009765625,2108.300048828125,2047.0999755859375,2055.10009765625,2034.27001953125,492761
2055.0,2085.550048828125,2047.1500244140625,2060.39990234375,2039.5162353515625,446187
2067.0,2090.050048828125,2058.050048828125,2086.25,2065.104248046875,290807
2085.0,2085.89990234375,2053.949951171875,2062.300048828125,2041.39697265625,403380
2062.10009765625,2097.85009765625,2062.10009765625,2090.39990234375,2069.212158203125,149241
2100.0,2116.199951171875,2090.64990234375,2098.199951171875,2076.93310546875,236889
2114.949951171875,2128.199951171875,2103.0,2115.85009765625,2094.404296875,235386
2111.14990234375,2134.199951171875,2102.800048828125,2128.0,2106.43115234375,137952
2118.0,2160.0,2118.0,2155.25,2133.405029296875,548808
2151.949951171875,2156.0,2118.0,2121.949951171875,2100.4423828125,307330
2122.949951171875,2174.0,2122.949951171875,2167.10009765625,2145.134765625,284645
2170.89990234375,2186.89990234375,2154.10009765625,2164.60009765625,2142.66015625,169527
2156.0,2178.800048828125,2144.050048828125,2148.050048828125,2126.278076171875,163386
2148.050048828125,2179.89990234375,2148.0,2174.35009765625,2152.311279296875,123949
2188.0,2188.0,2157.300048828125,2168.35009765625,2146.3720703125,89864
2175.0,2201.10009765625,2159.85009765625,2169.35009765625,2147.362060546875,240521
2164.39990234375,2191.800048828125,2136.89990234375,2184.300048828125,2162.160400390625,282881
2181.0,2182.60009765625,2156.0,2167.25,2145.283203125,261604
2177.0,2186.89990234375,2164.0,2173.550048828125,2151.51953125,218371
2178.0,2191.14990234375,2148.0,2160.300048828125,2138.40380859375,245807
2132.050048828125,2159.0,2111.0,2140.35009765625,2118.656005859375,1004798
2160.949951171875,2179.89990234375,2152.0,2174.0,2151.965087890625,296459
2170.0,2184.89990234375,2100.35009765625,2168.800048828125,2146.817626953125,202603
2175.0,2179.60009765625,2149.60009765625,2158.89990234375,2137.017822265625,252406
2159.0,2179.89990234375,2155.5,2174.550048828125,2152.50927734375,408365
2175.0,2200.39990234375,2160.0,2191.949951171875,2169.73291015625,594869
2198.89990234375,2213.0,2176.89990234375,2204.449951171875,2182.106201171875,379605
2200.0,2209.949951171875,2171.550048828125,2179.699951171875,2157.607177734375,232655
2180.0,2197.64990234375,2162.0,2190.25,2168.050048828125,348755
2204.89990234375,2204.89990234375,2176.5,2180.75,2158.646484375,249369
2195.0,2238.89990234375,2188.0,2227.39990234375,2204.823486328125,418157
2232.0,2234.0,2208.800048828125,2226.550048828125,2203.982421875,286221
2235.39990234375,2262.60009765625,2215.0,2227.64990234375,2205.071044921875,563363
2233.949951171875,2241.550048828125,2204.199951171875,2236.39990234375,2213.732421875,288612
2250.0,2250.0,2194.85009765625,2222.300048828125,2199.775390625,437800
2230.14990234375,2259.0,2218.60009765625,2254.800048828125,2231.946044921875,291021
2260.0,2271.0,2220.300048828125,2224.60009765625,2202.052001953125,323076
2224.550048828125,2234.800048828125,2214.5,2227.0,2204.427490234375,200902
2240.0,2242.60009765625,2221.449951171875,2228.89990234375,2206.308349609375,158170
2225.0,2245.800048828125,2213.550048828125,2227.60009765625,2205.021728515625,187340
2248.0,2278.0,2239.199951171875,2271.35009765625,2248.328125,407096
2280.0,2307.35009765625,2272.0,2283.14990234375,2260.008544921875,465269
2280.0,2334.800048828125,2275.199951171875,2322.85009765625,2299.30615234375,512571
2330.10009765625,2367.75,2271.949951171875,2350.85009765625,2327.0224609375,822726
2359.949951171875,2359.949951171875,2277.050048828125,2282.949951171875,2259.810546875,517330
2264.60009765625,2315.89990234375,2264.60009765625,2296.050048828125,2272.77783203125,406760
2296.0,2310.0,2280.550048828125,2301.64990234375,2278.321044921875,363437
2306.5,2309.0,2281.14990234375,2284.199951171875,2261.0478515625,306034
2289.0,2306.14990234375,2277.550048828125,2285.5,2262.334716796875,582197
2274.0,2298.0,2271.10009765625,2288.60009765625,2265.4033203125,360252
2299.699951171875,2304.75,2285.25,2299.699951171875,2276.390625,915785
2294.699951171875,2314.35009765625,2290.0,2296.35009765625,2273.074951171875,282890
2305.0,2307.35009765625,2276.199951171875,2290.050048828125,2266.838623046875,1374277
2303.89990234375,2305.0,2285.0,2288.14990234375,2264.957763671875,245656
2297.0,2354.89990234375,2280.39990234375,2329.949951171875,2306.334228515625,1018694
2340.0,2446.949951171875,2329.0,2405.35009765625,2380.969970703125,2631230
2420.85009765625,2452.5,2405.0,2421.14990234375,2396.609619140625,1047830
2448.0,2507.949951171875,2352.050048828125,2365.60009765625,2341.623046875,1690337
2375.0,2514.64990234375,2340.25,2500.85009765625,2475.502197265625,1990854
2513.39990234375,2592.949951171875,2510.10009765625,2572.800048828125,2546.72265625,2058195
2550.050048828125,2785.0,2541.10009765625,2743.199951171875,2715.3955078125,4456168
2770.050048828125,2775.85009765625,2683.0,2747.699951171875,2719.849853515625,2083853
2750.0,2755.0,2558.25,2611.5,2585.030517578125,2154427
2624.0,2721.89990234375,2577.0,2641.10009765625,2614.33056640625,3716139
2674.39990234375,2762.0,2656.0,2725.60009765625,2697.97412109375,1961065
2703.89990234375,2714.0,2523.10009765625,2531.199951171875,2505.54443359375,2989063
2505.0,2578.89990234375,2461.199951171875,2555.699951171875,2529.7958984375,2337503
2575.0,2585.5,2472.199951171875,2488.89990234375,2463.6728515625,1396618
2460.0,2476.0,2350.0,2378.25,2354.14453125,1687672
2390.0,2404.699951171875,2313.10009765625,2373.449951171875,2349.39306640625,1483769
2354.0,2409.0,2325.60009765625,2350.300048828125,2326.47802734375,1257484
2370.0,2385.0,2321.300048828125,2374.050048828125,2349.9873046875,1159023
2370.0,2428.0,2360.39990234375,2415.64990234375,2391.16552734375,896917
2419.800048828125,2434.89990234375,2288.0,2301.300048828125,2277.974609375,1166442
2355.0,2373.300048828125,2288.050048828125,2359.64990234375,2335.73291015625,714858
2371.449951171875,2397.75,2344.0,2381.75,2357.609375,690259
2370.14990234375,2400.0,2350.0,2384.75,2360.57861328125,567262
2350.0,2399.89990234375,2350.0,2369.25,2345.23583984375,383666
2375.050048828125,2376.75,2305.699951171875,2311.64990234375,2288.2197265625,380893
2318.0,2339.39990234375,2282.10009765625,2316.800048828125,2293.3173828125,611941
2316.0,2318.0,2242.89990234375,2253.89990234375,2231.054931640625,528138
2272.0,2285.949951171875,2237.050048828125,2243.64990234375,2220.908935546875,446497
2232.0,2285.050048828125,2205.300048828125,2270.10009765625,2247.0908203125,1512370
2259.0,2293.199951171875,2216.0,2219.25,2196.75634765625,1189726
2219.0,2258.39990234375,2212.550048828125,2246.449951171875,2223.6806640625,724058
2230.0,2299.0,2227.949951171875,2287.60009765625,2264.41357421875,713402
2271.0,2300.0,2241.050048828125,2256.550048828125,2233.67822265625,389554
2265.25,2279.85009765625,2252.300048828125,2257.10009765625,2234.22265625,46329
2260.050048828125,2278.89990234375,2242.800048828125,2247.5,2224.719970703125,383657
2275.0,2318.0,2250.39990234375,2313.0,2289.555908203125,561435
2315.0,2330.0,2284.0,2324.449951171875,2300.889892578125,650727
2347.39990234375,2397.89990234375,2327.89990234375,2390.300048828125,2366.07275390625,584214
2399.0,2436.39990234375,2386.550048828125,2428.050048828125,2403.43994140625,726935
2430.0,2453.050048828125,2415.0,2440.0,2415.268798828125,460821
2410.0,2473.550048828125,2410.0,2455.35009765625,2430.46337890625,406672
2462.0,2514.949951171875,2459.300048828125,2480.699951171875,2455.55615234375,585433
2486.5,2504.300048828125,2452.14990234375,2484.949951171875,2459.76318359375,470005
2484.949951171875,2505.0,2424.949951171875,2438.35009765625,2413.635498046875,675313
2428.0,2464.0,2378.75,2392.25,2368.002685546875,513144
2424.800048828125,2433.75,2383.0,2390.64990234375,2366.418701171875,276834
2400.0,2456.699951171875,2379.0,2435.449951171875,2410.764892578125,557530
2447.64990234375,2514.75,2442.10009765625,2478.64990234375,2453.52685546875,1003908
2463.64990234375,2511.25,2442.050048828125,2465.60009765625,2440.609375,693470
2464.0,2482.449951171875,2440.550048828125,2448.14990234375,2423.3359375,188784
2456.0,2470.0,2414.75,2460.699951171875,2435.7587890625,540609
2452.699951171875,2463.5,2418.949951171875,2456.75,2431.848876953125,433180
2458.0,2493.949951171875,2440.050048828125,2460.85009765625,2435.907470703125,290733
2469.89990234375,2480.0,2444.050048828125,2458.89990234375,2433.97705078125,278487
2456.0,2473.0,2447.699951171875,2461.35009765625,2436.402587890625,310621
2468.800048828125,2515.0,2455.64990234375,2507.25,2481.8369140625,450737
2515.0,2543.0,2500.199951171875,2527.10009765625,2501.48583984375,876480
2538.0,2562.0,2506.0,2514.050048828125,2488.568359375,474639
2516.949951171875,2570.0,2507.550048828125,2563.25,2537.26953125,565921
2568.0,2603.949951171875,2550.0,2577.35009765625,2551.2265625,770271
2589.0,2625.64990234375,2555.0,2609.300048828125,2582.852783203125,816152
2610.199951171875,2628.800048828125,2594.0,2621.10009765625,2594.533203125,458990
2610.0,2656.85009765625,2608.050048828125,2621.14990234375,2594.58251953125,599147
2619.85009765625,2643.800048828125,2598.60009765625,2605.949951171875,2579.53662109375,418544
2602.0,2634.0,2602.0,2621.25,2594.681640625,337427
2638.0,2642.39990234375,2594.89990234375,2619.5,2592.949462890625,491049
2614.699951171875,2653.0,2595.0,2642.39990234375,2615.616943359375,306720
2662.0,2675.0,2643.0,2659.550048828125,2632.593505859375,429720
2663.050048828125,2675.0,2657.0,2668.60009765625,2641.5517578125,226019
2661.75,2672.0,2611.0,2635.5,2608.787109375,439279
2610.10009765625,2655.0,2595.35009765625,2616.75,2590.22705078125,433332
2612.949951171875,2645.949951171875,2600.199951171875,2638.5,2611.7568359375,184905
2635.0,2635.0,2570.550048828125,2592.5,2566.222900390625,271075
2605.0,2635.0,2531.300048828125,2540.949951171875,2515.195556640625,238252
2540.0,2578.0,2496.75,2513.699951171875,2488.2216796875,332075
2491.0,2500.0,2356.39990234375,2374.10009765625,2350.036865234375,262926
2372.0,2448.5,2360.0,2423.64990234375,2399.084228515625,480611
2430.949951171875,2487.949951171875,2428.10009765625,2478.0,2452.883544921875,260633
2475.0,2477.0,2447.550048828125,2455.35009765625,2430.46337890625,201331
2455.0,2467.699951171875,2411.14990234375,2447.85009765625,2423.039306640625,352346
2459.0,2474.0,2434.199951171875,2441.60009765625,2416.8525390625,145633
2440.0,2467.0,2436.64990234375,2439.75,2415.021240234375,162920
2440.050048828125,2453.0,2428.0,2442.699951171875,2417.94140625,356701
2449.699951171875,2483.449951171875,2399.0,2409.300048828125,2384.8798828125,590726
2407.5,2445.39990234375,2375.35009765625,2440.199951171875,2415.466552734375,347565
2435.199951171875,2457.050048828125,2400.0,2415.949951171875,2391.462646484375,203880
2428.050048828125,2471.35009765625,2425.5,2464.64990234375,2439.668701171875,291084
2469.89990234375,2488.0,2407.5,2418.949951171875,2394.431884765625,341404
2429.0,2458.949951171875,2388.050048828125,2394.949951171875,2370.67529296875,327925
2401.0,2411.300048828125,2353.14990234375,2364.39990234375,2340.43505859375,283433
2372.050048828125,2385.0,2362.89990234375,2367.199951171875,2343.20654296875,331339
2376.39990234375,2380.5,2354.5,2361.39990234375,2337.46533203125,180024
2362.0,2371.699951171875,2326.39990234375,2346.0,2322.2216796875,231181
2348.199951171875,2370.0,2330.0,2365.0,2341.02880859375,217218
2357.5,2418.0,2353.25,2391.14990234375,2366.913818359375,422029
2393.0,2403.0,2350.550048828125,2355.60009765625,2331.724365234375,199568
2349.050048828125,2364.0,2290.0,2323.449951171875,2299.900146484375,305955
2330.0,2352.60009765625,2319.300048828125,2335.699951171875,2312.02587890625,178454
2324.10009765625,2329.949951171875,2157.300048828125,2165.699951171875,2143.748779296875,1224929
2176.550048828125,2177.0,1732.5999755859375,1879.75,1860.6973876953125,4094621
1920.0,2067.699951171875,1800.0,1904.1500244140625,1884.8499755859375,3933685
1925.0,2014.3499755859375,1888.0,1968.300048828125,1948.349853515625,1733066
1999.5,2008.5,1750.0,1846.449951171875,1827.7347412109375,4840022
2010.0,2010.0,1767.0,1841.25,1822.5875244140625,3416062
1845.0,1939.25,1695.9000244140625,1926.75,1907.2208251953125,4096049
1929.0,1988.0,1880.0,1969.550048828125,1949.587158203125,1358051
1970.0,2065.64990234375,1965.300048828125,1994.050048828125,1973.8388671875,2473866
2011.5,2042.0,1952.0,1973.75,1953.7445068359375,1359558
1969.0,1969.0,1891.050048828125,1916.0,1896.5799560546875,1491436
1900.0,1919.5,1872.0,1880.4000244140625,1861.3408203125,1157601
1880.449951171875,1903.449951171875,1797.1500244140625,1823.1500244140625,1804.6710205078125,1145107
1825.0,1858.8499755859375,1770.550048828125,1830.300048828125,1811.74853515625,1159351
1819.0,1864.75,1811.199951171875,1852.1500244140625,1833.3770751953125,723678
1865.0,1890.25,1828.699951171875,1841.6500244140625,1822.9835205078125,931391
1840.0,1865.550048828125,1812.550048828125,1839.4000244140625,1820.7562255859375,882626
1824.0,1862.9000244140625,1812.0,1850.6500244140625,1831.8922119140625,462228
1858.25,1868.3499755859375,1820.0,1828.4000244140625,1809.8677978515625,576509
1825.0,1827.0,1719.800048828125,1752.199951171875,1734.4400634765625,1237245
1752.199951171875,1759.949951171875,1722.300048828125,1727.550048828125,1710.0399169921875,708163
1741.5999755859375,1749.800048828125,1706.0,1730.0,1712.465087890625,753146
1718.0,1727.0,1659.0,1694.800048828125,1677.6219482421875,871143
1694.800048828125,1773.449951171875,1671.75,1731.699951171875,1714.14794921875,2034912
1739.699951171875,1776.050048828125,1735.6500244140625,1769.449951171875,1751.5152587890625,626061
1768.949951171875,1806.699951171875,1733.0999755859375,1801.3499755859375,1783.0919189453125,1273916
1850.0,1916.300048828125,1830.0,1894.050048828125,1874.852294921875,2157584
1905.0,1932.300048828125,1855.0,1865.800048828125,1846.888671875,1384486
1865.0999755859375,1893.75,1845.800048828125,1886.5,1867.37890625,690084
1895.9000244140625,1896.0,1848.8499755859375,1860.0999755859375,1841.2464599609375,576543
1847.0,1858.6500244140625,1819.800048828125,1846.9000244140625,1828.1802978515625,402781
1865.949951171875,1866.800048828125,1765.050048828125,1770.0,1752.0596923828125,759896
1777.949951171875,1783.4000244140625,1696.0,1738.4000244140625,1720.780029296875,903268
1758.0,1760.25,1714.0999755859375,1740.0,1722.36376953125,672348
1735.0,1770.0,1720.0999755859375,1750.300048828125,1732.559326171875,370585
1774.699951171875,1774.699951171875,1723.050048828125,1730.4000244140625,1712.861083984375,566675
1730.0,1730.300048828125,1676.050048828125,1695.5999755859375,1678.4136962890625,449040
1713.949951171875,1739.8499755859375,1698.25,1724.5999755859375,1707.119873046875,306383
1730.0,1746.0,1724.6500244140625,1738.3499755859375,1720.73046875,258724
1738.0,1752.199951171875,1725.0,1738.300048828125,1720.6810302734375,448459
1736.0,1745.949951171875,1694.550048828125,1700.8499755859375,1683.610595703125,530916
1701.0,1709.3499755859375,1680.5,1684.949951171875,1667.8717041015625,340663
1693.0,1696.0,1592.550048828125,1613.949951171875,1597.59130859375,1032882
1592.3499755859375,1649.0,1592.3499755859375,1625.9000244140625,1609.4202880859375,1012619
1640.0,1672.0,1630.0,1667.199951171875,1650.3016357421875,638264
1675.0,1714.0,1651.5999755859375,1709.0,1691.677978515625,547370
1707.0,1716.449951171875,1670.6500244140625,1687.949951171875,1670.84130859375,696020
1694.949951171875,1717.449951171875,1681.0999755859375,1712.0,1694.6475830078125,425340
1718.0,1751.550048828125,1705.25,1740.949951171875,1723.30419921875,407043
1745.0,1757.9000244140625,1732.800048828125,1737.4000244140625,1719.7901611328125,260590
1745.8499755859375,1768.5,1736.5999755859375,1758.0,1740.181396484375,444622
1758.800048828125,1771.5999755859375,1748.0999755859375,1767.550048828125,1749.634521484375,647769
1767.550048828125,1788.1500244140625,1753.8499755859375,1784.3499755859375,1766.2642822265625,768051
1789.0,1789.0,1745.0,1760.0999755859375,1742.260009765625,592829
1765.0,1775.8499755859375,1742.8499755859375,1749.300048828125,1731.569580078125,372749
1750.0,1758.9000244140625,1735.0,1738.0999755859375,1720.4830322265625,256370
1741.949951171875,1744.800048828125,1712.75,1717.949951171875,1700.5372314453125,346777
1719.9000244140625,1740.0,1710.300048828125,1734.6500244140625,1717.0679931640625,258999
1735.0,1751.0,1726.75,1736.1500244140625,1718.552734375,258998
1739.0,1748.949951171875,1730.050048828125,1738.699951171875,1721.076904296875,260778
1744.9000244140625,1758.0,1732.0999755859375,1750.8499755859375,1733.103759765625,273621
1724.8499755859375,1773.9000244140625,1700.0,1762.8499755859375,1744.982177734375,866675
1764.800048828125,1777.0,1750.550048828125,1764.1500244140625,1746.26904296875,503277
1763.050048828125,1774.0,1718.75,1743.5999755859375,1725.92724609375,478140
1742.0,1772.0,1742.0,1766.300048828125,1748.397216796875,283120
1771.0,1785.0,1750.0,1764.6500244140625,1746.763916015625,566808
1774.800048828125,1778.9000244140625,1755.0,1766.6500244140625,1748.74365234375,582663
1774.5,1783.949951171875,1752.0,1759.300048828125,1741.46826171875,431605
1765.0,1765.550048828125,1746.550048828125,1751.1500244140625,1733.4007568359375,332924
1753.449951171875,1809.0,1752.0,1786.1500244140625,1768.0460205078125,1119753
1795.75,1835.0,1780.0,1798.0,1779.77587890625,1171091
1804.949951171875,1812.8499755859375,1763.300048828125,1799.9000244140625,1781.65673828125,366238
1804.0,1812.5,1780.1500244140625,1783.5,1765.4228515625,219099
1786.0,1804.0,1743.300048828125,1758.1500244140625,1740.329833984375,470809
1763.0,1778.949951171875,1704.449951171875,1712.449951171875,1695.093017578125,647641
1719.949951171875,1741.3499755859375,1705.0,1729.050048828125,1711.5247802734375,492673
1733.949951171875,1843.300048828125,1730.949951171875,1813.4000244140625,1795.0198974609375,2232532
1828.8499755859375,1867.0,1810.0,1819.449951171875,1801.0084228515625,1668192
1815.0,1829.0,1776.050048828125,1780.4000244140625,1762.354248046875,736922
1780.4000244140625,1789.0,1755.0999755859375,1778.1500244140625,1760.1270751953125,543016
1790.0,1810.0,1773.550048828125,1785.0,1766.90771484375,373972
1795.0,1808.0,1779.25,1794.4000244140625,1776.21240234375,389902
1794.4000244140625,1815.5,1785.5,1798.4000244140625,1780.171875,345429
1798.4000244140625,1809.0,1761.9000244140625,1777.199951171875,1759.186767578125,1373412
1782.0,1823.699951171875,1780.699951171875,1800.300048828125,1782.0526123046875,542023
1809.949951171875,1819.0,1790.25,1815.5999755859375,1797.197509765625,819953
1821.0,1826.5,1806.5,1810.449951171875,1792.099609375,539080
1815.0,1864.0,1815.0,1856.300048828125,1837.4849853515625,1431557
1862.0,1870.0,1839.0,1851.75,1832.9810791015625,494896
1864.0,1867.4000244140625,1820.050048828125,1833.550048828125,1814.965576171875,663101
1841.0,1846.0,1825.0,1837.300048828125,1818.6776123046875,395254
1841.25,1847.949951171875,1826.199951171875,1838.550048828125,1819.9149169921875,213874
1845.0,1859.5,1835.800048828125,1846.949951171875,1828.229736328125,375850
1850.5,1859.9000244140625,1842.5,1854.8499755859375,1836.0496826171875,250046
1859.0,1869.5,1845.0999755859375,1850.0,1831.248779296875,557113
1850.0,1867.4000244140625,1848.1500244140625,1855.449951171875,1836.6435546875,317296
1865.0,1865.3499755859375,1811.050048828125,1825.4000244140625,1806.898193359375,411272
1828.800048828125,1841.0,1810.5,1838.199951171875,1819.568359375,362678
1845.0,1852.0,1830.75,1845.8499755859375,1827.140869140625,421375
1845.8499755859375,1850.449951171875,1830.0,1831.75,1813.183837890625,444033
1830.0,1830.550048828125,1760.699951171875,1766.9000244140625,1748.9910888671875,1080901
1772.0,1796.800048828125,1754.0,1792.300048828125,1774.1336669921875,361121
1799.699951171875,1802.0,1775.5,1788.5999755859375,1770.47119140625,698909
1788.0,1826.9000244140625,1788.0,1812.3499755859375,1793.9803466796875,552136
1819.949951171875,1827.75,1800.5999755859375,1813.699951171875,1795.316650390625,614896
1823.949951171875,1835.0,1812.800048828125,1825.0999755859375,1806.6011962890625,445138
1828.6500244140625,1831.949951171875,1814.5999755859375,1820.449951171875,1801.998291015625,307740
1834.800048828125,1834.800048828125,1810.050048828125,1820.800048828125,1802.3448486328125,268278
1821.0,1827.5999755859375,1810.0,1820.3499755859375,1811.0999755859375,295412
1817.949951171875,1817.949951171875,1784.949951171875,1791.5,1791.5,1083059
1792.0,1807.0,1775.5999755859375,1794.699951171875,1794.699951171875,516907
1804.9000244140625,1804.9000244140625,1778.3499755859375,1783.25,1783.25,552422
1789.0,1794.949951171875,1764.1500244140625,1789.6500244140625,1789.6500244140625,641496
1790.0,1796.5,1764.300048828125,1770.5,1770.5,440574
1776.050048828125,1782.25,1770.25,1777.5,1777.5,190205
1788.3499755859375,1819.75,1781.0,1811.5,1811.5,414958
1815.949951171875,1818.6500244140625,1789.25,1795.0999755859375,1795.0999755859375,503572
1804.949951171875,1804.949951171875,1791.5,1800.050048828125,1800.050048828125,200726
1809.8499755859375,1810.0,1788.0,1800.449951171875,1800.449951171875,409980
1803.4000244140625,1803.4000244140625,1762.6500244140625,1766.699951171875,1766.699951171875,365608
1777.449951171875,1816.0,1773.5999755859375,1804.5999755859375,1804.5999755859375,532719
1810.0,1895.0,1810.0,1891.75,1891.75,2498279
1899.949951171875,1926.5,1873.8499755859375,1922.5,1922.5,1090375
1927.0,1955.0,1900.0,1940.5,1940.5,1426409
1950.0,1974.3499755859375,1913.5999755859375,1948.9000244140625,1948.9000244140625,2036905
1945.0,2031.0,1933.300048828125,2017.9000244140625,2017.9000244140625,1323856
2014.699951171875,2029.0,1980.199951171875,2010.5999755859375,2010.5999755859375,522582
2007.0,2026.699951171875,1961.5,1971.25,1971.25,677137
1972.199951171875,2050.0,1950.0,2028.1500244140625,2028.1500244140625,1104713
2039.050048828125,2052.5,2015.800048828125,2042.75,2042.75,525513
2042.75,2050.75,2012.0999755859375,2031.050048828125,2031.050048828125,286662
2016.550048828125,2032.800048828125,1967.0,2000.949951171875,2000.949951171875,450388
2000.949951171875,2009.0,1975.9000244140625,1987.1500244140625,1987.1500244140625,187614
1990.0,1994.6500244140625,1950.0,1960.949951171875,1960.949951171875,294347
1947.050048828125,1973.300048828125,1927.25,1953.6500244140625,1953.6500244140625,651697
1949.6500244140625,1949.6500244140625,1905.0,1910.3499755859375,1910.3499755859375,307784
1905.0,1905.0,1880.0,1892.1500244140625,1892.1500244140625,288181
1893.0,1908.9000244140625,1881.0,1900.8499755859375,1900.8499755859375,234693
1895.0,1955.949951171875,1883.0,1934.0999755859375,1934.0999755859375,730944
1934.199951171875,1979.0,1934.1500244140625,1971.949951171875,1971.949951171875,561719
1975.1500244140625,1992.550048828125,1963.949951171875,1979.0999755859375,1979.0999755859375,407798
1979.9000244140625,1987.75,1953.550048828125,1965.25,1965.25,555199
1975.0,2007.0,1956.4000244140625,1990.3499755859375,1990.3499755859375,362009
1980.0,1980.0,1945.0,1962.550048828125,1962.550048828125,563552
1970.0,1998.800048828125,1956.699951171875,1985.25,1985.25,451894
1985.25,1997.3499755859375,1976.050048828125,1981.800048828125,1981.800048828125,352542
1981.0999755859375,2010.9000244140625,1966.0,2000.550048828125,2000.550048828125,649837
1987.0,2030.1500244140625,1932.6500244140625,2005.75,2005.75,8298767
2000.0,2037.6500244140625,1990.0,2011.25,2011.25,511773
2012.1500244140625,2064.949951171875,2012.1500244140625,2058.64990234375,2058.64990234375,929654
2056.60009765625,2104.0,2045.0,2084.60009765625,2084.60009765625,770177
2084.0,2084.550048828125,2037.699951171875,2043.5,2043.5,801557
2044.949951171875,2051.0,2022.3499755859375,2041.75,2041.75,669197
2051.0,2057.0,2016.0,2024.25,2024.25,655333
2024.25,2068.550048828125,2012.0,2051.050048828125,2051.050048828125,666836
2064.75,2072.89990234375,2002.949951171875,2010.949951171875,2010.949951171875,969463
2017.949951171875,2066.75,2004.550048828125,2063.050048828125,2063.050048828125,500782
2070.0,2082.10009765625,2032.4000244140625,2038.300048828125,2038.300048828125,388273
2050.300048828125,2054.300048828125,2021.0,2026.8499755859375,2026.8499755859375,247463
2031.300048828125,2038.0,2002.0,2006.699951171875,2006.699951171875,231014
2006.0,2006.699951171875,1968.0,1979.800048828125,1979.800048828125,254921
1975.0,2002.1500244140625,1965.25,1993.800048828125,1993.800048828125,356618
1999.0,2001.550048828125,1967.6500244140625,1978.5,1978.5,238415
1971.0,2006.0,1967.4000244140625,2000.0999755859375,2000.0999755859375,281333
2000.800048828125,2026.699951171875,1995.0,2015.050048828125,2015.050048828125,369560
2016.199951171875,2025.25,2006.800048828125,2019.75,2019.75,218437
2019.75,2031.5,1982.75,1996.3499755859375,1996.3499755859375,1420559
2010.0,2024.0,2002.1500244140625,2012.25,2012.25,168496
2015.949951171875,2039.8499755859375,2008.8499755859375,2034.9000244140625,2034.9000244140625,248293
2030.0,2035.199951171875,1985.6500244140625,2006.6500244140625,2006.6500244140625,554620
2007.0,2025.449951171875,1993.199951171875,1997.25,1997.25,180497
1997.25,2021.699951171875,1997.25,2009.949951171875,2009.949951171875,153026
2000.050048828125,2001.0,1955.5,1964.949951171875,1964.949951171875,830635
1966.949951171875,1994.449951171875,1966.949951171875,1986.25,1986.25,123625
1998.0,2056.949951171875,1981.4000244140625,2038.699951171875,2038.699951171875,601662
2049.0,2053.89990234375,2021.800048828125,2029.550048828125,2029.550048828125,190229
2022.1500244140625,2030.699951171875,2008.0,2010.449951171875,2010.449951171875,141242
2010.0,2037.0,2002.0,2030.8499755859375,2030.8499755859375,228407
2034.25,2042.0,2020.0999755859375,2039.5999755859375,2039.5999755859375,212532
2041.0,2044.6500244140625,2008.0,2014.050048828125,2014.050048828125,205829
2015.0,2038.6500244140625,1995.050048828125,2030.550048828125,2030.550048828125,190539
2021.5999755859375,2032.449951171875,1955.5999755859375,1963.1500244140625,1963.1500244140625,524895
1970.0,1978.800048828125,1880.0,1897.3499755859375,1897.3499755859375,390084
1900.0,1919.1500244140625,1867.3499755859375,1891.0999755859375,1891.0999755859375,660572
1884.800048828125,1913.0,1871.0,1899.8499755859375,1899.8499755859375,690300
1930.0,1936.0,1871.1500244140625,1878.0,1878.0,449396
1890.0,1897.0,1872.800048828125,1887.0,1887.0,162949
1895.0,1903.699951171875,1882.050048828125,1888.199951171875,1888.199951171875,117831
1890.0,1897.3499755859375,1836.5999755859375,1843.75,1843.75,274912
1851.75,1879.050048828125,1841.199951171875,1864.1500244140625,1864.1500244140625,205501
1878.0,1890.0,1858.0,1859.8499755859375,1859.8499755859375,187144
1874.8499755859375,1888.5,1862.0,1864.300048828125,1864.300048828125,203941
1867.25,1872.0,1855.0,1860.5999755859375,1860.5999755859375,160739
1869.0,1880.6500244140625,1852.0,1854.1500244140625,1854.1500244140625,189559
1864.0,1864.0,1840.949951171875,1844.949951171875,1844.949951171875,223676
1844.0,1846.5,1818.0,1825.300048828125,1825.300048828125,259623
1838.5,1839.1500244140625,1815.0,1834.8499755859375,1834.8499755859375,361409
1848.0,1858.9000244140625,1829.1500244140625,1836.3499755859375,1836.3499755859375,274781
1843.0,1853.800048828125,1835.4000244140625,1844.8499755859375,1844.8499755859375,215184
1855.0,1874.300048828125,1842.949951171875,1848.25,1848.25,257285
1848.25,1858.4000244140625,1826.199951171875,1828.449951171875,1828.449951171875,170647
1832.0,1849.9000244140625,1830.0,1839.550048828125,1839.550048828125,187241
1842.050048828125,1847.3499755859375,1803.0,1815.25,1815.25,313236
1826.75,1826.75,1806.0,1819.699951171875,1819.699951171875,254690
1822.0,1829.0,1813.0,1820.5,1820.5,188206
1830.0,1891.5,1825.0,1869.0,1869.0,934618
1886.0,1887.1500244140625,1861.0999755859375,1871.800048828125,1871.800048828125,398562
1871.800048828125,1891.0,1850.0,1875.550048828125,1875.550048828125,2698012
1899.050048828125,1911.199951171875,1885.9000244140625,1900.25,1900.25,465342
1979.0,2031.800048828125,1950.0,2019.5,2019.5,1802093
2023.0,2193.0,2013.75,2184.800048828125,2184.800048828125,3873194
2201.0,2218.0,2114.0,2128.25,2128.25,1764074
2143.949951171875,2153.550048828125,2118.60009765625,2141.550048828125,2141.550048828125,558084
2145.0,2158.14990234375,2100.300048828125,2137.800048828125,2137.800048828125,524686
2132.449951171875,2185.0,2111.0,2179.199951171875,2179.199951171875,771231
2192.0,2207.949951171875,2162.050048828125,2175.449951171875,2175.449951171875,542040
2179.449951171875,2206.0,2150.0,2184.199951171875,2184.199951171875,511464
2199.0,2251.050048828125,2192.300048828125,2234.300048828125,2234.300048828125,831020
2239.949951171875,2241.5,2206.0,2212.35009765625,2212.35009765625,362643
2232.0,2240.800048828125,2211.0,2237.25,2237.25,312895
2238.0,2254.0,2187.699951171875,2202.75,2202.75,445489
2209.0,2217.050048828125,2070.0,2086.64990234375,2086.64990234375,895756
2055.0,2115.0,2046.050048828125,2107.39990234375,2107.39990234375,505610
2120.0,2122.949951171875,2079.0,2090.75,2090.75,444653
2099.89990234375,2129.449951171875,2092.550048828125,2113.550048828125,2113.550048828125,255820
2134.0,2174.89990234375,2134.0,2168.550048828125,2168.550048828125,875390
2179.89990234375,2181.75,2158.10009765625,2170.699951171875,2170.699951171875,339907
2173.949951171875,2215.60009765625,2171.64990234375,2211.25,2211.25,428894
